/*
 Navicat Premium Dump SQL

 Source Server         : localhost_3306
 Source Server Type    : MySQL
 Source Server Version : 80040 (8.0.40)
 Source Host           : localhost:3306
 Source Schema         : visa-management

 Target Server Type    : MySQL
 Target Server Version : 80040 (8.0.40)
 File Encoding         : 65001

 Date: 19/01/2025 09:41:07
*/

SET NAMES utf8mb4;
SET FOREIGN_KEY_CHECKS = 0;

-- ----------------------------
-- Table structure for gen_table
-- ----------------------------
DROP TABLE IF EXISTS `gen_table`;
CREATE TABLE `gen_table`  (
  `table_id` bigint NOT NULL AUTO_INCREMENT COMMENT '编号',
  `table_name` varchar(200) CHARACTER SET utf8mb4 COLLATE utf8mb4_general_ci NULL DEFAULT '' COMMENT '表名称',
  `table_comment` varchar(500) CHARACTER SET utf8mb4 COLLATE utf8mb4_general_ci NULL DEFAULT '' COMMENT '表描述',
  `sub_table_name` varchar(64) CHARACTER SET utf8mb4 COLLATE utf8mb4_general_ci NULL DEFAULT NULL COMMENT '关联子表的表名',
  `sub_table_fk_name` varchar(64) CHARACTER SET utf8mb4 COLLATE utf8mb4_general_ci NULL DEFAULT NULL COMMENT '子表关联的外键名',
  `class_name` varchar(100) CHARACTER SET utf8mb4 COLLATE utf8mb4_general_ci NULL DEFAULT '' COMMENT '实体类名称',
  `tpl_category` varchar(200) CHARACTER SET utf8mb4 COLLATE utf8mb4_general_ci NULL DEFAULT 'crud' COMMENT '使用的模板（crud单表操作 tree树表操作）',
  `tpl_web_type` varchar(30) CHARACTER SET utf8mb4 COLLATE utf8mb4_general_ci NULL DEFAULT '' COMMENT '前端模板类型（element-ui模版 element-plus模版）',
  `package_name` varchar(100) CHARACTER SET utf8mb4 COLLATE utf8mb4_general_ci NULL DEFAULT NULL COMMENT '生成包路径',
  `module_name` varchar(30) CHARACTER SET utf8mb4 COLLATE utf8mb4_general_ci NULL DEFAULT NULL COMMENT '生成模块名',
  `business_name` varchar(30) CHARACTER SET utf8mb4 COLLATE utf8mb4_general_ci NULL DEFAULT NULL COMMENT '生成业务名',
  `function_name` varchar(50) CHARACTER SET utf8mb4 COLLATE utf8mb4_general_ci NULL DEFAULT NULL COMMENT '生成功能名',
  `function_author` varchar(50) CHARACTER SET utf8mb4 COLLATE utf8mb4_general_ci NULL DEFAULT NULL COMMENT '生成功能作者',
  `gen_type` char(1) CHARACTER SET utf8mb4 COLLATE utf8mb4_general_ci NULL DEFAULT '0' COMMENT '生成代码方式（0zip压缩包 1自定义路径）',
  `gen_path` varchar(200) CHARACTER SET utf8mb4 COLLATE utf8mb4_general_ci NULL DEFAULT '/' COMMENT '生成路径（不填默认项目路径）',
  `options` varchar(1000) CHARACTER SET utf8mb4 COLLATE utf8mb4_general_ci NULL DEFAULT NULL COMMENT '其它生成选项',
  `create_by` varchar(64) CHARACTER SET utf8mb4 COLLATE utf8mb4_general_ci NULL DEFAULT '' COMMENT '创建者',
  `create_time` datetime NULL DEFAULT NULL COMMENT '创建时间',
  `update_by` varchar(64) CHARACTER SET utf8mb4 COLLATE utf8mb4_general_ci NULL DEFAULT '' COMMENT '更新者',
  `update_time` datetime NULL DEFAULT NULL COMMENT '更新时间',
  `remark` varchar(500) CHARACTER SET utf8mb4 COLLATE utf8mb4_general_ci NULL DEFAULT NULL COMMENT '备注',
  PRIMARY KEY (`table_id`) USING BTREE
) ENGINE = InnoDB AUTO_INCREMENT = 8 CHARACTER SET = utf8mb4 COLLATE = utf8mb4_general_ci COMMENT = '代码生成业务表' ROW_FORMAT = DYNAMIC;

-- ----------------------------
-- Records of gen_table
-- ----------------------------
INSERT INTO `gen_table` VALUES (2, 'visa_application_files', 'Visa Application Files', NULL, NULL, 'VisaApplicationFiles', 'crud', 'element-plus', 'com.ruoyi.visa', 'system', 'files', 'Visa Application Files', 'ruoyi', '0', '/', '{}', 'admin', '2024-11-30 22:27:06', '', '2024-11-30 22:29:22', NULL);
INSERT INTO `gen_table` VALUES (3, 'visa_application', 'Visa Application Form', NULL, NULL, 'VisaApplication', 'crud', '', 'com.ruoyi.system', 'system', 'application', 'Visa Application Form', 'ruoyi', '0', '/', NULL, 'admin', '2024-12-01 15:25:44', '', NULL, NULL);
INSERT INTO `gen_table` VALUES (4, 'visa_activity', 'Table storing activity details', NULL, NULL, 'VisaActivity', 'crud', 'element-plus', 'com.ruoyi.appointment', 'activity_check', 'activity', 'Activity list', 'zeyu', '0', '/', '{\"parentMenuId\":2011}', 'admin', '2025-01-05 03:48:29', '', '2025-01-05 05:35:08', NULL);
INSERT INTO `gen_table` VALUES (6, 'visa_appointment', 'Table storing appointment details', NULL, NULL, 'VisaAppointment', 'crud', 'element-plus', 'com.ruoyi.appointment', 'appointment_record', 'appointment_record', 'Appointment list', 'zeyu', '0', '/', '{\"parentMenuId\":2011}', 'admin', '2025-01-06 12:45:29', '', '2025-01-07 02:10:08', NULL);
INSERT INTO `gen_table` VALUES (7, 'submit_state', 'File Submission Status Table', NULL, NULL, 'SubmitState', 'crud', 'element-plus', 'com.ruoyi.appointment', 'file_submit', 'file_submit', 'File Submission Status Table', 'zeyu', '0', '/', '{\"parentMenuId\":2025}', 'admin', '2025-01-16 03:16:46', '', '2025-01-16 03:34:32', NULL);

-- ----------------------------
-- Table structure for gen_table_column
-- ----------------------------
DROP TABLE IF EXISTS `gen_table_column`;
CREATE TABLE `gen_table_column`  (
  `column_id` bigint NOT NULL AUTO_INCREMENT COMMENT '编号',
  `table_id` bigint NULL DEFAULT NULL COMMENT '归属表编号',
  `column_name` varchar(200) CHARACTER SET utf8mb4 COLLATE utf8mb4_general_ci NULL DEFAULT NULL COMMENT '列名称',
  `column_comment` varchar(500) CHARACTER SET utf8mb4 COLLATE utf8mb4_general_ci NULL DEFAULT NULL COMMENT '列描述',
  `column_type` varchar(100) CHARACTER SET utf8mb4 COLLATE utf8mb4_general_ci NULL DEFAULT NULL COMMENT '列类型',
  `java_type` varchar(500) CHARACTER SET utf8mb4 COLLATE utf8mb4_general_ci NULL DEFAULT NULL COMMENT 'JAVA类型',
  `java_field` varchar(200) CHARACTER SET utf8mb4 COLLATE utf8mb4_general_ci NULL DEFAULT NULL COMMENT 'JAVA字段名',
  `is_pk` char(1) CHARACTER SET utf8mb4 COLLATE utf8mb4_general_ci NULL DEFAULT NULL COMMENT '是否主键（1是）',
  `is_increment` char(1) CHARACTER SET utf8mb4 COLLATE utf8mb4_general_ci NULL DEFAULT NULL COMMENT '是否自增（1是）',
  `is_required` char(1) CHARACTER SET utf8mb4 COLLATE utf8mb4_general_ci NULL DEFAULT NULL COMMENT '是否必填（1是）',
  `is_insert` char(1) CHARACTER SET utf8mb4 COLLATE utf8mb4_general_ci NULL DEFAULT NULL COMMENT '是否为插入字段（1是）',
  `is_edit` char(1) CHARACTER SET utf8mb4 COLLATE utf8mb4_general_ci NULL DEFAULT NULL COMMENT '是否编辑字段（1是）',
  `is_list` char(1) CHARACTER SET utf8mb4 COLLATE utf8mb4_general_ci NULL DEFAULT NULL COMMENT '是否列表字段（1是）',
  `is_query` char(1) CHARACTER SET utf8mb4 COLLATE utf8mb4_general_ci NULL DEFAULT NULL COMMENT '是否查询字段（1是）',
  `query_type` varchar(200) CHARACTER SET utf8mb4 COLLATE utf8mb4_general_ci NULL DEFAULT 'EQ' COMMENT '查询方式（等于、不等于、大于、小于、范围）',
  `html_type` varchar(200) CHARACTER SET utf8mb4 COLLATE utf8mb4_general_ci NULL DEFAULT NULL COMMENT '显示类型（文本框、文本域、下拉框、复选框、单选框、日期控件）',
  `dict_type` varchar(200) CHARACTER SET utf8mb4 COLLATE utf8mb4_general_ci NULL DEFAULT '' COMMENT '字典类型',
  `sort` int NULL DEFAULT NULL COMMENT '排序',
  `create_by` varchar(64) CHARACTER SET utf8mb4 COLLATE utf8mb4_general_ci NULL DEFAULT '' COMMENT '创建者',
  `create_time` datetime NULL DEFAULT NULL COMMENT '创建时间',
  `update_by` varchar(64) CHARACTER SET utf8mb4 COLLATE utf8mb4_general_ci NULL DEFAULT '' COMMENT '更新者',
  `update_time` datetime NULL DEFAULT NULL COMMENT '更新时间',
  PRIMARY KEY (`column_id`) USING BTREE
) ENGINE = InnoDB AUTO_INCREMENT = 125 CHARACTER SET = utf8mb4 COLLATE = utf8mb4_general_ci COMMENT = '代码生成业务表字段' ROW_FORMAT = DYNAMIC;

-- ----------------------------
-- Records of gen_table_column
-- ----------------------------
INSERT INTO `gen_table_column` VALUES (32, 2, 'id', 'Primary Key', 'bigint(20)', 'Long', 'id', '1', '1', '0', '1', NULL, NULL, NULL, 'EQ', 'input', '', 1, 'admin', '2024-11-30 22:27:06', '', '2024-11-30 22:29:22');
INSERT INTO `gen_table_column` VALUES (33, 2, 'application_id', 'Related Application ID', 'bigint(20)', 'Long', 'applicationId', '0', '0', '1', '1', '1', '1', '1', 'EQ', 'input', '', 2, 'admin', '2024-11-30 22:27:06', '', '2024-11-30 22:29:22');
INSERT INTO `gen_table_column` VALUES (34, 2, 'file_type', 'File Type', 'varchar(50)', 'String', 'fileType', '0', '0', '1', '1', '1', '1', '1', 'EQ', 'select', '', 3, 'admin', '2024-11-30 22:27:06', '', '2024-11-30 22:29:22');
INSERT INTO `gen_table_column` VALUES (35, 2, 'file_path', 'File Path', 'varchar(255)', 'String', 'filePath', '0', '0', '1', '1', '1', '1', '1', 'EQ', 'input', '', 4, 'admin', '2024-11-30 22:27:06', '', '2024-11-30 22:29:22');
INSERT INTO `gen_table_column` VALUES (36, 2, 'original_filename', 'Original Filename', 'varchar(255)', 'String', 'originalFilename', '0', '0', '1', '1', '1', '1', '1', 'LIKE', 'input', '', 5, 'admin', '2024-11-30 22:27:06', '', '2024-11-30 22:29:22');
INSERT INTO `gen_table_column` VALUES (37, 2, 'upload_time', 'Upload Time', 'datetime', 'Date', 'uploadTime', '0', '0', '1', '1', '1', '1', '1', 'EQ', 'datetime', '', 6, 'admin', '2024-11-30 22:27:06', '', '2024-11-30 22:29:22');
INSERT INTO `gen_table_column` VALUES (38, 3, 'id', 'Primary Key', 'bigint(20)', 'Long', 'id', '1', '1', '0', '1', NULL, NULL, NULL, 'EQ', 'input', '', 1, 'admin', '2024-12-01 15:25:44', '', NULL);
INSERT INTO `gen_table_column` VALUES (39, 3, 'applicant_id', 'Applicant ID', 'bigint(20)', 'Long', 'applicantId', '0', '0', '1', '1', '1', '1', '1', 'EQ', 'input', '', 2, 'admin', '2024-12-01 15:25:44', '', NULL);
INSERT INTO `gen_table_column` VALUES (40, 3, 'name', 'Name as in Passport MRZ format', 'varchar(100)', 'String', 'name', '0', '0', '1', '1', '1', '1', '1', 'LIKE', 'input', '', 3, 'admin', '2024-12-01 15:25:44', '', NULL);
INSERT INTO `gen_table_column` VALUES (41, 3, 'matric_number', 'Matric Number', 'varchar(50)', 'String', 'matricNumber', '0', '0', '1', '1', '1', '1', '1', 'EQ', 'input', '', 4, 'admin', '2024-12-01 15:25:44', '', NULL);
INSERT INTO `gen_table_column` VALUES (42, 3, 'passport_number', 'Passport Number', 'varchar(50)', 'String', 'passportNumber', '0', '0', '1', '1', '1', '1', '1', 'EQ', 'input', '', 5, 'admin', '2024-12-01 15:25:44', '', NULL);
INSERT INTO `gen_table_column` VALUES (43, 3, 'email', 'Email Address', 'varchar(100)', 'String', 'email', '0', '0', '1', '1', '1', '1', '1', 'EQ', 'input', '', 6, 'admin', '2024-12-01 15:25:44', '', NULL);
INSERT INTO `gen_table_column` VALUES (44, 3, 'malaysia_address', 'Full Address in Malaysia', 'text', 'String', 'malaysiaAddress', '0', '0', '1', '1', '1', '1', '1', 'EQ', 'textarea', '', 7, 'admin', '2024-12-01 15:25:44', '', NULL);
INSERT INTO `gen_table_column` VALUES (45, 3, 'overseas_address', 'Full Address Overseas', 'text', 'String', 'overseasAddress', '0', '0', '1', '1', '1', '1', '1', 'EQ', 'textarea', '', 8, 'admin', '2024-12-01 15:25:44', '', NULL);
INSERT INTO `gen_table_column` VALUES (46, 3, 'course_level', 'Course Level', 'varchar(50)', 'String', 'courseLevel', '0', '0', '1', '1', '1', '1', '1', 'EQ', 'input', '', 9, 'admin', '2024-12-01 15:25:44', '', NULL);
INSERT INTO `gen_table_column` VALUES (47, 3, 'nationality', 'Nationality', 'varchar(50)', 'String', 'nationality', '0', '0', '1', '1', '1', '1', '1', 'EQ', 'input', '', 10, 'admin', '2024-12-01 15:25:44', '', NULL);
INSERT INTO `gen_table_column` VALUES (48, 3, 'mobile_number', 'Mobile Number (WhatsApp)', 'varchar(50)', 'String', 'mobileNumber', '0', '0', '1', '1', '1', '1', '1', 'EQ', 'input', '', 11, 'admin', '2024-12-01 15:25:44', '', NULL);
INSERT INTO `gen_table_column` VALUES (49, 3, 'application_location', 'Location when applying', 'varchar(50)', 'String', 'applicationLocation', '0', '0', '1', '1', '1', '1', '1', 'EQ', 'input', '', 12, 'admin', '2024-12-01 15:25:44', '', NULL);
INSERT INTO `gen_table_column` VALUES (50, 3, 'course_name', 'Course Name', 'varchar(200)', 'String', 'courseName', '0', '0', '1', '1', '1', '1', '1', 'LIKE', 'input', '', 13, 'admin', '2024-12-01 15:25:44', '', NULL);
INSERT INTO `gen_table_column` VALUES (51, 3, 'faculty_name', 'Faculty/Institute/School Name', 'varchar(200)', 'String', 'facultyName', '0', '0', '1', '1', '1', '1', '1', 'LIKE', 'input', '', 14, 'admin', '2024-12-01 15:25:44', '', NULL);
INSERT INTO `gen_table_column` VALUES (52, 3, 'supervisor_name', 'Supervisor/Advisor Name', 'varchar(100)', 'String', 'supervisorName', '0', '0', '1', '1', '1', '1', '1', 'LIKE', 'input', '', 15, 'admin', '2024-12-01 15:25:44', '', NULL);
INSERT INTO `gen_table_column` VALUES (53, 3, 'sponsorship_status', 'Sponsorship status', 'varchar(50)', 'String', 'sponsorshipStatus', '0', '0', '0', '1', '1', '1', '1', 'EQ', 'radio', '', 16, 'admin', '2024-12-01 15:25:44', '', NULL);
INSERT INTO `gen_table_column` VALUES (54, 3, 'study_status', 'Study Status (Current semester)', 'varchar(50)', 'String', 'studyStatus', '0', '0', '1', '1', '1', '1', '1', 'EQ', 'radio', '', 17, 'admin', '2024-12-01 15:25:44', '', NULL);
INSERT INTO `gen_table_column` VALUES (55, 3, 'marital_status', 'Marital Status', 'varchar(20)', 'String', 'maritalStatus', '0', '0', '1', '1', '1', '1', '1', 'EQ', 'radio', '', 18, 'admin', '2024-12-01 15:25:44', '', NULL);
INSERT INTO `gen_table_column` VALUES (56, 3, 'date_of_birth', 'Date of Birth', 'date', 'Date', 'dateOfBirth', '0', '0', '1', '1', '1', '1', '1', 'EQ', 'datetime', '', 19, 'admin', '2024-12-01 15:25:44', '', NULL);
INSERT INTO `gen_table_column` VALUES (57, 3, 'current_pass_validity', 'Validity Date of Current Pass', 'date', 'Date', 'currentPassValidity', '0', '0', '1', '1', '1', '1', '1', 'EQ', 'datetime', '', 20, 'admin', '2024-12-01 15:25:44', '', NULL);
INSERT INTO `gen_table_column` VALUES (58, 3, 'travel_document_issue_date', 'Travel Document Issued Date', 'date', 'Date', 'travelDocumentIssueDate', '0', '0', '1', '1', '1', '1', '1', 'EQ', 'datetime', '', 21, 'admin', '2024-12-01 15:25:45', '', NULL);
INSERT INTO `gen_table_column` VALUES (59, 3, 'travel_document_expiry_date', 'Travel Document Valid Until', 'date', 'Date', 'travelDocumentExpiryDate', '0', '0', '1', '1', '1', '1', '1', 'EQ', 'datetime', '', 22, 'admin', '2024-12-01 15:25:45', '', NULL);
INSERT INTO `gen_table_column` VALUES (60, 3, 'last_entry_date', 'Latest date enter Malaysia', 'date', 'Date', 'lastEntryDate', '0', '0', '1', '1', '1', '1', '1', 'EQ', 'datetime', '', 23, 'admin', '2024-12-01 15:25:45', '', NULL);
INSERT INTO `gen_table_column` VALUES (61, 3, 'travel_document_type', 'Travel Document (Passport) Type', 'varchar(50)', 'String', 'travelDocumentType', '0', '0', '1', '1', '1', '1', '1', 'EQ', 'select', '', 24, 'admin', '2024-12-01 15:25:45', '', NULL);
INSERT INTO `gen_table_column` VALUES (62, 3, 'current_pass_type', 'Type of Current Pass', 'varchar(50)', 'String', 'currentPassType', '0', '0', '1', '1', '1', '1', '1', 'EQ', 'select', '', 25, 'admin', '2024-12-01 15:25:45', '', NULL);
INSERT INTO `gen_table_column` VALUES (63, 3, 'insurance_company', 'Insurance Cover Note Company', 'varchar(100)', 'String', 'insuranceCompany', '0', '0', '0', '1', '1', '1', '1', 'EQ', 'input', '', 26, 'admin', '2024-12-01 15:25:45', '', NULL);
INSERT INTO `gen_table_column` VALUES (64, 3, 'status', 'Application Status: DRAFT, SUBMITTED, UNDER_REVIEW, APPROVED, REJECTED', 'varchar(20)', 'String', 'status', '0', '0', '1', '1', '1', '1', '1', 'EQ', 'radio', '', 27, 'admin', '2024-12-01 15:25:45', '', NULL);
INSERT INTO `gen_table_column` VALUES (65, 3, 'reviewer_id', 'Reviewer ID', 'bigint(20)', 'Long', 'reviewerId', '0', '0', '0', '1', '1', '1', '1', 'EQ', 'input', '', 28, 'admin', '2024-12-01 15:25:45', '', NULL);
INSERT INTO `gen_table_column` VALUES (66, 3, 'remarks', 'Remarks (including rejection reasons)', 'text', 'String', 'remarks', '0', '0', '0', '1', '1', '1', '1', 'EQ', 'textarea', '', 29, 'admin', '2024-12-01 15:25:45', '', NULL);
INSERT INTO `gen_table_column` VALUES (67, 3, 'created_at', 'Created Time', 'datetime', 'Date', 'createdAt', '0', '0', '1', '1', '1', '1', '1', 'EQ', 'datetime', '', 30, 'admin', '2024-12-01 15:25:45', '', NULL);
INSERT INTO `gen_table_column` VALUES (68, 3, 'updated_at', 'Updated Time', 'datetime', 'Date', 'updatedAt', '0', '0', '1', '1', '1', '1', '1', 'EQ', 'datetime', '', 31, 'admin', '2024-12-01 15:25:45', '', NULL);
INSERT INTO `gen_table_column` VALUES (69, 3, 'boarding_pass_img', NULL, 'varchar(255)', 'String', 'boardingPassImg', '0', '0', '0', '1', '1', '1', '1', 'EQ', 'input', '', 32, 'admin', '2024-12-01 15:25:45', '', NULL);
INSERT INTO `gen_table_column` VALUES (70, 3, 'passport_img', NULL, 'varchar(255)', 'String', 'passportImg', '0', '0', '0', '1', '1', '1', '1', 'EQ', 'input', '', 33, 'admin', '2024-12-01 15:25:45', '', NULL);
INSERT INTO `gen_table_column` VALUES (71, 3, 'old_passport_img', NULL, 'varchar(255)', 'String', 'oldPassportImg', '0', '0', '0', '1', '1', '1', '1', 'EQ', 'input', '', 34, 'admin', '2024-12-01 15:25:45', '', NULL);
INSERT INTO `gen_table_column` VALUES (72, 3, 'registration_slip_img', NULL, 'varchar(255)', 'String', 'registrationSlipImg', '0', '0', '0', '1', '1', '1', '1', 'EQ', 'input', '', 35, 'admin', '2024-12-01 15:25:45', '', NULL);
INSERT INTO `gen_table_column` VALUES (73, 3, 'academic_result_img', NULL, 'varchar(255)', 'String', 'academicResultImg', '0', '0', '0', '1', '1', '1', '1', 'EQ', 'input', '', 36, 'admin', '2024-12-01 15:25:45', '', NULL);
INSERT INTO `gen_table_column` VALUES (74, 3, 'attendance_report_img', NULL, 'varchar(255)', 'String', 'attendanceReportImg', '0', '0', '0', '1', '1', '1', '1', 'EQ', 'input', '', 37, 'admin', '2024-12-01 15:25:45', '', NULL);
INSERT INTO `gen_table_column` VALUES (75, 3, 'progress_report_img', NULL, 'varchar(255)', 'String', 'progressReportImg', '0', '0', '0', '1', '1', '1', '1', 'EQ', 'input', '', 38, 'admin', '2024-12-01 15:25:45', '', NULL);
INSERT INTO `gen_table_column` VALUES (76, 3, 'supporting_letter_img', NULL, 'varchar(255)', 'String', 'supportingLetterImg', '0', '0', '0', '1', '1', '1', '1', 'EQ', 'input', '', 39, 'admin', '2024-12-01 15:25:45', '', NULL);
INSERT INTO `gen_table_column` VALUES (77, 3, 'emgs_payment_img', NULL, 'varchar(255)', 'String', 'emgsPaymentImg', '0', '0', '0', '1', '1', '1', '1', 'EQ', 'input', '', 40, 'admin', '2024-12-01 15:25:45', '', NULL);
INSERT INTO `gen_table_column` VALUES (78, 3, 'upm_payment_img', NULL, 'varchar(255)', 'String', 'upmPaymentImg', '0', '0', '0', '1', '1', '1', '1', 'EQ', 'input', '', 41, 'admin', '2024-12-01 15:25:45', '', NULL);
INSERT INTO `gen_table_column` VALUES (79, 3, 'insurance_cover_note_img', NULL, 'varchar(255)', 'String', 'insuranceCoverNoteImg', '0', '0', '0', '1', '1', '1', '1', 'EQ', 'input', '', 42, 'admin', '2024-12-01 15:25:45', '', NULL);
INSERT INTO `gen_table_column` VALUES (80, 4, 'id', 'Primary key ID', 'bigint', 'Long', 'id', '1', '1', '0', '0', NULL, NULL, NULL, 'EQ', 'input', '', 1, 'admin', '2025-01-05 03:48:29', '', '2025-01-05 05:35:08');
INSERT INTO `gen_table_column` VALUES (81, 4, 'activity_name', 'activity\'s name', 'varchar(255)', 'String', 'activityName', '0', '0', '1', '1', '1', '1', '1', 'LIKE', 'input', '', 2, 'admin', '2025-01-05 03:48:29', '', '2025-01-05 05:35:08');
INSERT INTO `gen_table_column` VALUES (82, 4, 'activity_content', 'Content of the activity', 'text', 'String', 'activityContent', '0', '0', '0', '1', '1', '1', '1', 'LIKE', 'editor', '', 3, 'admin', '2025-01-05 03:48:29', '', '2025-01-05 05:35:08');
INSERT INTO `gen_table_column` VALUES (83, 4, 'open_time', 'Open time', 'datetime', 'Date', 'openTime', '0', '0', '0', '1', '1', '1', '1', 'GTE', 'datetime', '', 4, 'admin', '2025-01-05 03:48:29', '', '2025-01-05 05:35:08');
INSERT INTO `gen_table_column` VALUES (84, 4, 'activity_image', 'Illustration image', 'varchar(255)', 'String', 'activityImage', '0', '0', '0', '1', '1', '1', '0', 'EQ', 'imageUpload', '', 5, 'admin', '2025-01-05 03:48:29', '', '2025-01-05 05:35:08');
INSERT INTO `gen_table_column` VALUES (85, 4, 'create_by', 'Created by user', 'varchar(64)', 'String', 'createBy', '0', '0', '0', '0', NULL, NULL, NULL, 'EQ', 'input', '', 6, 'admin', '2025-01-05 03:48:29', '', '2025-01-05 05:35:08');
INSERT INTO `gen_table_column` VALUES (86, 4, 'create_time', 'Creation time', 'datetime', 'Date', 'createTime', '0', '0', '0', '0', NULL, NULL, NULL, 'EQ', 'datetime', '', 7, 'admin', '2025-01-05 03:48:29', '', '2025-01-05 05:35:08');
INSERT INTO `gen_table_column` VALUES (87, 4, 'update_by', 'Last updated by user', 'varchar(64)', 'String', 'updateBy', '0', '0', '0', '0', '0', NULL, NULL, 'EQ', 'input', '', 8, 'admin', '2025-01-05 03:48:29', '', '2025-01-05 05:35:08');
INSERT INTO `gen_table_column` VALUES (88, 4, 'update_time', 'Last update time', 'datetime', 'Date', 'updateTime', '0', '0', '0', '0', '0', NULL, NULL, 'EQ', 'datetime', '', 9, 'admin', '2025-01-05 03:48:29', '', '2025-01-05 05:35:08');
INSERT INTO `gen_table_column` VALUES (89, 4, 'remark', 'Remarks', 'varchar(255)', 'String', 'remark', '0', '0', '0', '1', '1', '1', NULL, 'EQ', 'input', '', 10, 'admin', '2025-01-05 03:48:29', '', '2025-01-05 05:35:08');
INSERT INTO `gen_table_column` VALUES (90, 4, 'close_time', 'Close time', 'datetime', 'Date', 'closeTime', '0', '0', '0', '1', '1', '1', '1', 'LTE', 'datetime', '', 11, 'admin', '2025-01-05 03:48:29', '', '2025-01-05 05:35:08');
INSERT INTO `gen_table_column` VALUES (103, 6, 'id', 'Primary key ID', 'bigint', 'Long', 'id', '1', '1', '0', '0', NULL, NULL, NULL, 'EQ', 'input', '', 1, 'admin', '2025-01-06 12:45:29', '', '2025-01-07 02:10:08');
INSERT INTO `gen_table_column` VALUES (104, 6, 'activity_id', 'ID of the related activity', 'bigint', 'Long', 'activityId', '0', '0', '1', '0', '0', '1', '1', 'EQ', 'input', '', 2, 'admin', '2025-01-06 12:45:29', '', '2025-01-07 02:10:08');
INSERT INTO `gen_table_column` VALUES (105, 6, 'appointment_name', 'Appointment name', 'varchar(255)', 'String', 'appointmentName', '0', '0', '1', '0', '0', '1', '1', 'LIKE', 'input', '', 3, 'admin', '2025-01-06 12:45:29', '', '2025-01-07 02:10:08');
INSERT INTO `gen_table_column` VALUES (106, 6, 'user_id', 'User ID', 'bigint', 'Long', 'userId', '0', '0', '1', '0', '0', '1', '0', 'EQ', 'input', '', 4, 'admin', '2025-01-06 12:45:29', '', '2025-01-07 02:10:08');
INSERT INTO `gen_table_column` VALUES (107, 6, 'user_name', 'User name', 'varchar(255)', 'String', 'userName', '0', '0', '1', '0', '0', '1', '0', 'LIKE', 'input', '', 5, 'admin', '2025-01-06 12:45:29', '', '2025-01-07 02:10:08');
INSERT INTO `gen_table_column` VALUES (108, 6, 'appointment_time', 'Appointment time', 'datetime', 'Date', 'appointmentTime', '0', '0', '1', '1', '1', '1', '0', 'EQ', 'select', 'visa_appointment_time', 6, 'admin', '2025-01-06 12:45:29', '', '2025-01-07 02:10:08');
INSERT INTO `gen_table_column` VALUES (109, 6, 'role_id', 'Role id', 'bigint', 'Long', 'roleId', '0', '0', '0', '0', '0', '0', '0', 'EQ', 'input', '', 7, 'admin', '2025-01-06 12:45:29', '', '2025-01-07 02:10:08');
INSERT INTO `gen_table_column` VALUES (110, 6, 'create_by', 'Created by user', 'varchar(64)', 'String', 'createBy', '0', '0', '0', '0', NULL, NULL, NULL, 'EQ', 'input', '', 8, 'admin', '2025-01-06 12:45:29', '', '2025-01-07 02:10:08');
INSERT INTO `gen_table_column` VALUES (111, 6, 'create_time', 'Creation time', 'datetime', 'Date', 'createTime', '0', '0', '0', '0', NULL, NULL, NULL, 'EQ', 'datetime', '', 9, 'admin', '2025-01-06 12:45:29', '', '2025-01-07 02:10:08');
INSERT INTO `gen_table_column` VALUES (112, 6, 'update_by', 'Last updated by user', 'varchar(64)', 'String', 'updateBy', '0', '0', '0', '0', '0', NULL, NULL, 'EQ', 'input', '', 10, 'admin', '2025-01-06 12:45:29', '', '2025-01-07 02:10:08');
INSERT INTO `gen_table_column` VALUES (113, 6, 'update_time', 'Last update time', 'datetime', 'Date', 'updateTime', '0', '0', '0', '0', '0', NULL, NULL, 'EQ', 'datetime', '', 11, 'admin', '2025-01-06 12:45:29', '', '2025-01-07 02:10:08');
INSERT INTO `gen_table_column` VALUES (114, 6, 'remark', 'Remarks', 'varchar(255)', 'String', 'remark', '0', '0', '0', '1', '1', '1', NULL, 'EQ', 'input', '', 12, 'admin', '2025-01-06 12:45:29', '', '2025-01-07 02:10:08');
INSERT INTO `gen_table_column` VALUES (115, 7, 'id', 'Primary Key', 'int', 'Long', 'id', '1', '1', '0', '0', NULL, NULL, NULL, 'EQ', 'input', '', 1, 'admin', '2025-01-16 03:16:46', '', '2025-01-16 03:34:32');
INSERT INTO `gen_table_column` VALUES (116, 7, 'file_name', 'File Name', 'varchar(255)', 'String', 'fileName', '0', '0', '1', '1', '1', '1', '1', 'LIKE', 'input', '', 2, 'admin', '2025-01-16 03:16:46', '', '2025-01-16 03:34:32');
INSERT INTO `gen_table_column` VALUES (117, 7, 'submit_status', 'Submission Status', 'varchar(50)', 'String', 'submitStatus', '0', '0', '1', '1', '1', '1', '0', 'EQ', 'select', 'file_submit_state', 3, 'admin', '2025-01-16 03:16:46', '', '2025-01-16 03:34:32');
INSERT INTO `gen_table_column` VALUES (118, 7, 'user_id', 'User ID', 'bigint', 'Long', 'userId', '0', '0', '0', '0', '0', '1', '1', 'EQ', 'input', '', 4, 'admin', '2025-01-16 03:16:46', '', '2025-01-16 03:34:32');
INSERT INTO `gen_table_column` VALUES (119, 7, 'user_name', 'User Name', 'varchar(255)', 'String', 'userName', '0', '0', '0', '0', '0', '1', '0', 'LIKE', 'input', '', 5, 'admin', '2025-01-16 03:16:46', '', '2025-01-16 03:34:32');
INSERT INTO `gen_table_column` VALUES (120, 7, 'create_by', 'Created By', 'varchar(64)', 'String', 'createBy', '0', '0', '0', '0', NULL, NULL, NULL, 'EQ', 'input', '', 6, 'admin', '2025-01-16 03:16:46', '', '2025-01-16 03:34:32');
INSERT INTO `gen_table_column` VALUES (121, 7, 'create_time', 'Creation Time', 'datetime', 'Date', 'createTime', '0', '0', '0', '0', NULL, NULL, NULL, 'EQ', 'datetime', '', 7, 'admin', '2025-01-16 03:16:46', '', '2025-01-16 03:34:32');
INSERT INTO `gen_table_column` VALUES (122, 7, 'update_by', 'Updated By', 'varchar(64)', 'String', 'updateBy', '0', '0', '0', '0', '0', NULL, NULL, 'EQ', 'input', '', 8, 'admin', '2025-01-16 03:16:46', '', '2025-01-16 03:34:32');
INSERT INTO `gen_table_column` VALUES (123, 7, 'update_time', 'Update Time', 'datetime', 'Date', 'updateTime', '0', '0', '0', '0', '0', NULL, NULL, 'EQ', 'datetime', '', 9, 'admin', '2025-01-16 03:16:46', '', '2025-01-16 03:34:32');
INSERT INTO `gen_table_column` VALUES (124, 7, 'remark', 'Remarks', 'varchar(255)', 'String', 'remark', '0', '0', '0', '1', '1', '1', NULL, 'EQ', 'input', '', 10, 'admin', '2025-01-16 03:16:46', '', '2025-01-16 03:34:32');

-- ----------------------------
-- Table structure for submit_state
-- ----------------------------
DROP TABLE IF EXISTS `submit_state`;
CREATE TABLE `submit_state`  (
  `id` int NOT NULL AUTO_INCREMENT COMMENT 'Primary Key',
  `file_name` varchar(255) CHARACTER SET utf8mb4 COLLATE utf8mb4_0900_ai_ci NOT NULL COMMENT 'File Name',
  `submit_status` varchar(50) CHARACTER SET utf8mb4 COLLATE utf8mb4_0900_ai_ci NOT NULL COMMENT 'Submission Status',
  `user_id` bigint NULL DEFAULT NULL COMMENT 'User ID',
  `user_name` varchar(255) CHARACTER SET utf8mb4 COLLATE utf8mb4_0900_ai_ci NULL DEFAULT NULL COMMENT 'User Name',
  `create_by` varchar(64) CHARACTER SET utf8mb4 COLLATE utf8mb4_0900_ai_ci NULL DEFAULT NULL COMMENT 'Created By',
  `create_time` datetime NULL DEFAULT CURRENT_TIMESTAMP COMMENT 'Creation Time',
  `update_by` varchar(64) CHARACTER SET utf8mb4 COLLATE utf8mb4_0900_ai_ci NULL DEFAULT NULL COMMENT 'Updated By',
  `update_time` datetime NULL DEFAULT CURRENT_TIMESTAMP ON UPDATE CURRENT_TIMESTAMP COMMENT 'Update Time',
  `remark` varchar(255) CHARACTER SET utf8mb4 COLLATE utf8mb4_0900_ai_ci NULL DEFAULT NULL COMMENT 'Remarks',
  PRIMARY KEY (`id`) USING BTREE
) ENGINE = InnoDB AUTO_INCREMENT = 6 CHARACTER SET = utf8mb4 COLLATE = utf8mb4_0900_ai_ci COMMENT = 'File Submission Status Table' ROW_FORMAT = Dynamic;

-- ----------------------------
-- Records of submit_state
-- ----------------------------
INSERT INTO `submit_state` VALUES (1, 'project_report.pdf', '1', 1, 'Alice', 'admin', '2025-01-16 03:08:40', NULL, '2025-01-16 03:44:13', 'First submission');
INSERT INTO `submit_state` VALUES (2, 'application_form.docx', '2', 2, 'Bob', 'admin', '2025-01-16 03:08:40', NULL, '2025-01-16 03:44:19', 'Awaiting review');
INSERT INTO `submit_state` VALUES (4, 'passport', '1', 3, 'user1', NULL, '2025-01-19 08:57:33', NULL, '2025-01-19 08:57:33', NULL);
INSERT INTO `submit_state` VALUES (5, 'abcdef', '1', 3, 'user1', NULL, '2025-01-19 09:38:01', NULL, '2025-01-19 09:38:01', NULL);

-- ----------------------------
-- Table structure for sys_config
-- ----------------------------
DROP TABLE IF EXISTS `sys_config`;
CREATE TABLE `sys_config`  (
  `config_id` int NOT NULL AUTO_INCREMENT COMMENT '参数主键',
  `config_name` varchar(100) CHARACTER SET utf8mb4 COLLATE utf8mb4_general_ci NULL DEFAULT '' COMMENT '参数名称',
  `config_key` varchar(100) CHARACTER SET utf8mb4 COLLATE utf8mb4_general_ci NULL DEFAULT '' COMMENT '参数键名',
  `config_value` varchar(500) CHARACTER SET utf8mb4 COLLATE utf8mb4_general_ci NULL DEFAULT '' COMMENT '参数键值',
  `config_type` char(1) CHARACTER SET utf8mb4 COLLATE utf8mb4_general_ci NULL DEFAULT 'N' COMMENT '系统内置（Y是 N否）',
  `create_by` varchar(64) CHARACTER SET utf8mb4 COLLATE utf8mb4_general_ci NULL DEFAULT '' COMMENT '创建者',
  `create_time` datetime NULL DEFAULT NULL COMMENT '创建时间',
  `update_by` varchar(64) CHARACTER SET utf8mb4 COLLATE utf8mb4_general_ci NULL DEFAULT '' COMMENT '更新者',
  `update_time` datetime NULL DEFAULT NULL COMMENT '更新时间',
  `remark` varchar(500) CHARACTER SET utf8mb4 COLLATE utf8mb4_general_ci NULL DEFAULT NULL COMMENT '备注',
  PRIMARY KEY (`config_id`) USING BTREE
) ENGINE = InnoDB AUTO_INCREMENT = 7 CHARACTER SET = utf8mb4 COLLATE = utf8mb4_general_ci COMMENT = '参数配置表' ROW_FORMAT = DYNAMIC;

-- ----------------------------
-- Records of sys_config
-- ----------------------------
INSERT INTO `sys_config` VALUES (1, '主框架页-默认皮肤样式名称', 'sys.index.skinName', 'skin-blue', 'Y', 'admin', '2024-11-30 10:29:37', '', NULL, '蓝色 skin-blue、绿色 skin-green、紫色 skin-purple、红色 skin-red、黄色 skin-yellow');
INSERT INTO `sys_config` VALUES (2, '用户管理-账号初始密码', 'sys.user.initPassword', '123456', 'Y', 'admin', '2024-11-30 10:29:37', '', NULL, '初始化密码 123456');
INSERT INTO `sys_config` VALUES (3, '主框架页-侧边栏主题', 'sys.index.sideTheme', 'theme-dark', 'Y', 'admin', '2024-11-30 10:29:37', '', NULL, '深色主题theme-dark，浅色主题theme-light');
INSERT INTO `sys_config` VALUES (4, '账号自助-验证码开关', 'sys.account.captchaEnabled', 'true', 'Y', 'admin', '2024-11-30 10:29:37', '', NULL, '是否开启验证码功能（true开启，false关闭）');
INSERT INTO `sys_config` VALUES (5, '账号自助-是否开启用户注册功能', 'sys.account.registerUser', 'false', 'Y', 'admin', '2024-11-30 10:29:37', '', NULL, '是否开启注册用户功能（true开启，false关闭）');
INSERT INTO `sys_config` VALUES (6, '用户登录-黑名单列表', 'sys.login.blackIPList', '', 'Y', 'admin', '2024-11-30 10:29:37', '', NULL, '设置登录IP黑名单限制，多个匹配项以;分隔，支持匹配（*通配、网段）');

-- ----------------------------
-- Table structure for sys_dept
-- ----------------------------
DROP TABLE IF EXISTS `sys_dept`;
CREATE TABLE `sys_dept`  (
  `dept_id` bigint NOT NULL AUTO_INCREMENT COMMENT '部门id',
  `parent_id` bigint NULL DEFAULT 0 COMMENT '父部门id',
  `ancestors` varchar(50) CHARACTER SET utf8mb4 COLLATE utf8mb4_general_ci NULL DEFAULT '' COMMENT '祖级列表',
  `dept_name` varchar(30) CHARACTER SET utf8mb4 COLLATE utf8mb4_general_ci NULL DEFAULT '' COMMENT '部门名称',
  `order_num` int NULL DEFAULT 0 COMMENT '显示顺序',
  `leader` varchar(20) CHARACTER SET utf8mb4 COLLATE utf8mb4_general_ci NULL DEFAULT NULL COMMENT '负责人',
  `phone` varchar(11) CHARACTER SET utf8mb4 COLLATE utf8mb4_general_ci NULL DEFAULT NULL COMMENT '联系电话',
  `email` varchar(50) CHARACTER SET utf8mb4 COLLATE utf8mb4_general_ci NULL DEFAULT NULL COMMENT '邮箱',
  `status` char(1) CHARACTER SET utf8mb4 COLLATE utf8mb4_general_ci NULL DEFAULT '0' COMMENT '部门状态（0正常 1停用）',
  `del_flag` char(1) CHARACTER SET utf8mb4 COLLATE utf8mb4_general_ci NULL DEFAULT '0' COMMENT '删除标志（0代表存在 2代表删除）',
  `create_by` varchar(64) CHARACTER SET utf8mb4 COLLATE utf8mb4_general_ci NULL DEFAULT '' COMMENT '创建者',
  `create_time` datetime NULL DEFAULT NULL COMMENT '创建时间',
  `update_by` varchar(64) CHARACTER SET utf8mb4 COLLATE utf8mb4_general_ci NULL DEFAULT '' COMMENT '更新者',
  `update_time` datetime NULL DEFAULT NULL COMMENT '更新时间',
  PRIMARY KEY (`dept_id`) USING BTREE
) ENGINE = InnoDB AUTO_INCREMENT = 110 CHARACTER SET = utf8mb4 COLLATE = utf8mb4_general_ci COMMENT = '部门表' ROW_FORMAT = DYNAMIC;

-- ----------------------------
-- Records of sys_dept
-- ----------------------------
INSERT INTO `sys_dept` VALUES (100, 0, '0', '若依科技', 0, '若依', '15888888888', 'ry@qq.com', '0', '0', 'admin', '2024-11-30 10:29:36', '', NULL);
INSERT INTO `sys_dept` VALUES (101, 100, '0,100', '深圳总公司', 1, '若依', '15888888888', 'ry@qq.com', '0', '0', 'admin', '2024-11-30 10:29:36', '', NULL);
INSERT INTO `sys_dept` VALUES (102, 100, '0,100', '长沙分公司', 2, '若依', '15888888888', 'ry@qq.com', '0', '0', 'admin', '2024-11-30 10:29:36', '', NULL);
INSERT INTO `sys_dept` VALUES (103, 101, '0,100,101', '研发部门', 1, '若依', '15888888888', 'ry@qq.com', '0', '0', 'admin', '2024-11-30 10:29:36', '', NULL);
INSERT INTO `sys_dept` VALUES (104, 101, '0,100,101', '市场部门', 2, '若依', '15888888888', 'ry@qq.com', '0', '0', 'admin', '2024-11-30 10:29:36', '', NULL);
INSERT INTO `sys_dept` VALUES (105, 101, '0,100,101', '测试部门', 3, '若依', '15888888888', 'ry@qq.com', '0', '0', 'admin', '2024-11-30 10:29:36', '', NULL);
INSERT INTO `sys_dept` VALUES (106, 101, '0,100,101', '财务部门', 4, '若依', '15888888888', 'ry@qq.com', '0', '0', 'admin', '2024-11-30 10:29:36', '', NULL);
INSERT INTO `sys_dept` VALUES (107, 101, '0,100,101', '运维部门', 5, '若依', '15888888888', 'ry@qq.com', '0', '0', 'admin', '2024-11-30 10:29:36', '', NULL);
INSERT INTO `sys_dept` VALUES (108, 102, '0,100,102', '市场部门', 1, '若依', '15888888888', 'ry@qq.com', '0', '0', 'admin', '2024-11-30 10:29:36', '', NULL);
INSERT INTO `sys_dept` VALUES (109, 102, '0,100,102', '财务部门', 2, '若依', '15888888888', 'ry@qq.com', '0', '0', 'admin', '2024-11-30 10:29:36', '', NULL);

-- ----------------------------
-- Table structure for sys_dict_data
-- ----------------------------
DROP TABLE IF EXISTS `sys_dict_data`;
CREATE TABLE `sys_dict_data`  (
  `dict_code` bigint NOT NULL AUTO_INCREMENT COMMENT '字典编码',
  `dict_sort` int NULL DEFAULT 0 COMMENT '字典排序',
  `dict_label` varchar(100) CHARACTER SET utf8mb4 COLLATE utf8mb4_general_ci NULL DEFAULT '' COMMENT '字典标签',
  `dict_value` varchar(100) CHARACTER SET utf8mb4 COLLATE utf8mb4_general_ci NULL DEFAULT '' COMMENT '字典键值',
  `dict_type` varchar(100) CHARACTER SET utf8mb4 COLLATE utf8mb4_general_ci NULL DEFAULT '' COMMENT '字典类型',
  `css_class` varchar(100) CHARACTER SET utf8mb4 COLLATE utf8mb4_general_ci NULL DEFAULT NULL COMMENT '样式属性（其他样式扩展）',
  `list_class` varchar(100) CHARACTER SET utf8mb4 COLLATE utf8mb4_general_ci NULL DEFAULT NULL COMMENT '表格回显样式',
  `is_default` char(1) CHARACTER SET utf8mb4 COLLATE utf8mb4_general_ci NULL DEFAULT 'N' COMMENT '是否默认（Y是 N否）',
  `status` char(1) CHARACTER SET utf8mb4 COLLATE utf8mb4_general_ci NULL DEFAULT '0' COMMENT '状态（0正常 1停用）',
  `create_by` varchar(64) CHARACTER SET utf8mb4 COLLATE utf8mb4_general_ci NULL DEFAULT '' COMMENT '创建者',
  `create_time` datetime NULL DEFAULT NULL COMMENT '创建时间',
  `update_by` varchar(64) CHARACTER SET utf8mb4 COLLATE utf8mb4_general_ci NULL DEFAULT '' COMMENT '更新者',
  `update_time` datetime NULL DEFAULT NULL COMMENT '更新时间',
  `remark` varchar(500) CHARACTER SET utf8mb4 COLLATE utf8mb4_general_ci NULL DEFAULT NULL COMMENT '备注',
  PRIMARY KEY (`dict_code`) USING BTREE
) ENGINE = InnoDB AUTO_INCREMENT = 40 CHARACTER SET = utf8mb4 COLLATE = utf8mb4_general_ci COMMENT = '字典数据表' ROW_FORMAT = DYNAMIC;

-- ----------------------------
-- Records of sys_dict_data
-- ----------------------------
INSERT INTO `sys_dict_data` VALUES (1, 1, '男', '0', 'sys_user_sex', '', '', 'Y', '0', 'admin', '2024-11-30 10:29:37', '', NULL, '性别男');
INSERT INTO `sys_dict_data` VALUES (2, 2, '女', '1', 'sys_user_sex', '', '', 'N', '0', 'admin', '2024-11-30 10:29:37', '', NULL, '性别女');
INSERT INTO `sys_dict_data` VALUES (3, 3, '未知', '2', 'sys_user_sex', '', '', 'N', '0', 'admin', '2024-11-30 10:29:37', '', NULL, '性别未知');
INSERT INTO `sys_dict_data` VALUES (4, 1, '显示', '0', 'sys_show_hide', '', 'primary', 'Y', '0', 'admin', '2024-11-30 10:29:37', '', NULL, '显示菜单');
INSERT INTO `sys_dict_data` VALUES (5, 2, '隐藏', '1', 'sys_show_hide', '', 'danger', 'N', '0', 'admin', '2024-11-30 10:29:37', '', NULL, '隐藏菜单');
INSERT INTO `sys_dict_data` VALUES (6, 1, '正常', '0', 'sys_normal_disable', '', 'primary', 'Y', '0', 'admin', '2024-11-30 10:29:37', '', NULL, '正常状态');
INSERT INTO `sys_dict_data` VALUES (7, 2, '停用', '1', 'sys_normal_disable', '', 'danger', 'N', '0', 'admin', '2024-11-30 10:29:37', '', NULL, '停用状态');
INSERT INTO `sys_dict_data` VALUES (8, 1, '正常', '0', 'sys_job_status', '', 'primary', 'Y', '0', 'admin', '2024-11-30 10:29:37', '', NULL, '正常状态');
INSERT INTO `sys_dict_data` VALUES (9, 2, '暂停', '1', 'sys_job_status', '', 'danger', 'N', '0', 'admin', '2024-11-30 10:29:37', '', NULL, '停用状态');
INSERT INTO `sys_dict_data` VALUES (10, 1, '默认', 'DEFAULT', 'sys_job_group', '', '', 'Y', '0', 'admin', '2024-11-30 10:29:37', '', NULL, '默认分组');
INSERT INTO `sys_dict_data` VALUES (11, 2, '系统', 'SYSTEM', 'sys_job_group', '', '', 'N', '0', 'admin', '2024-11-30 10:29:37', '', NULL, '系统分组');
INSERT INTO `sys_dict_data` VALUES (12, 1, '是', 'Y', 'sys_yes_no', '', 'primary', 'Y', '0', 'admin', '2024-11-30 10:29:37', '', NULL, '系统默认是');
INSERT INTO `sys_dict_data` VALUES (13, 2, '否', 'N', 'sys_yes_no', '', 'danger', 'N', '0', 'admin', '2024-11-30 10:29:37', '', NULL, '系统默认否');
INSERT INTO `sys_dict_data` VALUES (14, 1, '通知', '1', 'sys_notice_type', '', 'warning', 'Y', '0', 'admin', '2024-11-30 10:29:37', '', NULL, '通知');
INSERT INTO `sys_dict_data` VALUES (15, 2, '公告', '2', 'sys_notice_type', '', 'success', 'N', '0', 'admin', '2024-11-30 10:29:37', '', NULL, '公告');
INSERT INTO `sys_dict_data` VALUES (16, 1, '正常', '0', 'sys_notice_status', '', 'primary', 'Y', '0', 'admin', '2024-11-30 10:29:37', '', NULL, '正常状态');
INSERT INTO `sys_dict_data` VALUES (17, 2, '关闭', '1', 'sys_notice_status', '', 'danger', 'N', '0', 'admin', '2024-11-30 10:29:37', '', NULL, '关闭状态');
INSERT INTO `sys_dict_data` VALUES (18, 99, '其他', '0', 'sys_oper_type', '', 'info', 'N', '0', 'admin', '2024-11-30 10:29:37', '', NULL, '其他操作');
INSERT INTO `sys_dict_data` VALUES (19, 1, '新增', '1', 'sys_oper_type', '', 'info', 'N', '0', 'admin', '2024-11-30 10:29:37', '', NULL, '新增操作');
INSERT INTO `sys_dict_data` VALUES (20, 2, '修改', '2', 'sys_oper_type', '', 'info', 'N', '0', 'admin', '2024-11-30 10:29:37', '', NULL, '修改操作');
INSERT INTO `sys_dict_data` VALUES (21, 3, '删除', '3', 'sys_oper_type', '', 'danger', 'N', '0', 'admin', '2024-11-30 10:29:37', '', NULL, '删除操作');
INSERT INTO `sys_dict_data` VALUES (22, 4, '授权', '4', 'sys_oper_type', '', 'primary', 'N', '0', 'admin', '2024-11-30 10:29:37', '', NULL, '授权操作');
INSERT INTO `sys_dict_data` VALUES (23, 5, '导出', '5', 'sys_oper_type', '', 'warning', 'N', '0', 'admin', '2024-11-30 10:29:37', '', NULL, '导出操作');
INSERT INTO `sys_dict_data` VALUES (24, 6, '导入', '6', 'sys_oper_type', '', 'warning', 'N', '0', 'admin', '2024-11-30 10:29:37', '', NULL, '导入操作');
INSERT INTO `sys_dict_data` VALUES (25, 7, '强退', '7', 'sys_oper_type', '', 'danger', 'N', '0', 'admin', '2024-11-30 10:29:37', '', NULL, '强退操作');
INSERT INTO `sys_dict_data` VALUES (26, 8, '生成代码', '8', 'sys_oper_type', '', 'warning', 'N', '0', 'admin', '2024-11-30 10:29:37', '', NULL, '生成操作');
INSERT INTO `sys_dict_data` VALUES (27, 9, '清空数据', '9', 'sys_oper_type', '', 'danger', 'N', '0', 'admin', '2024-11-30 10:29:37', '', NULL, '清空操作');
INSERT INTO `sys_dict_data` VALUES (28, 1, '成功', '0', 'sys_common_status', '', 'primary', 'N', '0', 'admin', '2024-11-30 10:29:37', '', NULL, '正常状态');
INSERT INTO `sys_dict_data` VALUES (29, 2, '失败', '1', 'sys_common_status', '', 'danger', 'N', '0', 'admin', '2024-11-30 10:29:37', '', NULL, '停用状态');
INSERT INTO `sys_dict_data` VALUES (30, 1, '9:00-9:30', '1', 'visa_appointment_time', NULL, 'default', 'N', '0', 'admin', '2025-01-07 02:03:21', 'admin', '2025-01-07 02:04:22', NULL);
INSERT INTO `sys_dict_data` VALUES (31, 2, '9:30-10:00', '2', 'visa_appointment_time', NULL, 'default', 'N', '0', 'admin', '2025-01-07 02:04:37', '', NULL, NULL);
INSERT INTO `sys_dict_data` VALUES (32, 3, '10:00-10:30', '3', 'visa_appointment_time', NULL, 'default', 'N', '0', 'admin', '2025-01-07 02:05:12', 'admin', '2025-01-07 02:05:31', NULL);
INSERT INTO `sys_dict_data` VALUES (33, 4, '10:30-11:00', '4', 'visa_appointment_time', NULL, 'default', 'N', '0', 'admin', '2025-01-07 02:06:01', '', NULL, NULL);
INSERT INTO `sys_dict_data` VALUES (34, 5, '11:00-11:30', '5', 'visa_appointment_time', NULL, 'default', 'N', '0', 'admin', '2025-01-07 02:06:16', '', NULL, NULL);
INSERT INTO `sys_dict_data` VALUES (35, 6, '11:30-12:00', '6', 'visa_appointment_time', NULL, 'default', 'N', '0', 'admin', '2025-01-07 02:06:48', '', NULL, NULL);
INSERT INTO `sys_dict_data` VALUES (36, 7, '12:00-12:30', '7', 'visa_appointment_time', NULL, 'default', 'N', '0', 'admin', '2025-01-07 02:07:04', '', NULL, NULL);
INSERT INTO `sys_dict_data` VALUES (37, 0, 'Pending submit', '1', 'file_submit_state', NULL, 'default', 'N', '0', 'admin', '2025-01-16 03:28:10', '', NULL, NULL);
INSERT INTO `sys_dict_data` VALUES (38, 1, 'Submited', '2', 'file_submit_state', NULL, 'default', 'N', '0', 'admin', '2025-01-16 03:28:27', '', NULL, NULL);
INSERT INTO `sys_dict_data` VALUES (39, 2, 'Collected', '3', 'file_submit_state', NULL, 'default', 'N', '0', 'admin', '2025-01-16 03:28:56', '', NULL, NULL);

-- ----------------------------
-- Table structure for sys_dict_type
-- ----------------------------
DROP TABLE IF EXISTS `sys_dict_type`;
CREATE TABLE `sys_dict_type`  (
  `dict_id` bigint NOT NULL AUTO_INCREMENT COMMENT '字典主键',
  `dict_name` varchar(100) CHARACTER SET utf8mb4 COLLATE utf8mb4_general_ci NULL DEFAULT '' COMMENT '字典名称',
  `dict_type` varchar(100) CHARACTER SET utf8mb4 COLLATE utf8mb4_general_ci NULL DEFAULT '' COMMENT '字典类型',
  `status` char(1) CHARACTER SET utf8mb4 COLLATE utf8mb4_general_ci NULL DEFAULT '0' COMMENT '状态（0正常 1停用）',
  `create_by` varchar(64) CHARACTER SET utf8mb4 COLLATE utf8mb4_general_ci NULL DEFAULT '' COMMENT '创建者',
  `create_time` datetime NULL DEFAULT NULL COMMENT '创建时间',
  `update_by` varchar(64) CHARACTER SET utf8mb4 COLLATE utf8mb4_general_ci NULL DEFAULT '' COMMENT '更新者',
  `update_time` datetime NULL DEFAULT NULL COMMENT '更新时间',
  `remark` varchar(500) CHARACTER SET utf8mb4 COLLATE utf8mb4_general_ci NULL DEFAULT NULL COMMENT '备注',
  PRIMARY KEY (`dict_id`) USING BTREE,
  UNIQUE INDEX `dict_type`(`dict_type` ASC) USING BTREE
) ENGINE = InnoDB AUTO_INCREMENT = 13 CHARACTER SET = utf8mb4 COLLATE = utf8mb4_general_ci COMMENT = '字典类型表' ROW_FORMAT = DYNAMIC;

-- ----------------------------
-- Records of sys_dict_type
-- ----------------------------
INSERT INTO `sys_dict_type` VALUES (1, '用户性别', 'sys_user_sex', '0', 'admin', '2024-11-30 10:29:37', '', NULL, '用户性别列表');
INSERT INTO `sys_dict_type` VALUES (2, '菜单状态', 'sys_show_hide', '0', 'admin', '2024-11-30 10:29:37', '', NULL, '菜单状态列表');
INSERT INTO `sys_dict_type` VALUES (3, '系统开关', 'sys_normal_disable', '0', 'admin', '2024-11-30 10:29:37', '', NULL, '系统开关列表');
INSERT INTO `sys_dict_type` VALUES (4, '任务状态', 'sys_job_status', '0', 'admin', '2024-11-30 10:29:37', '', NULL, '任务状态列表');
INSERT INTO `sys_dict_type` VALUES (5, '任务分组', 'sys_job_group', '0', 'admin', '2024-11-30 10:29:37', '', NULL, '任务分组列表');
INSERT INTO `sys_dict_type` VALUES (6, '系统是否', 'sys_yes_no', '0', 'admin', '2024-11-30 10:29:37', '', NULL, '系统是否列表');
INSERT INTO `sys_dict_type` VALUES (7, '通知类型', 'sys_notice_type', '0', 'admin', '2024-11-30 10:29:37', '', NULL, '通知类型列表');
INSERT INTO `sys_dict_type` VALUES (8, '通知状态', 'sys_notice_status', '0', 'admin', '2024-11-30 10:29:37', '', NULL, '通知状态列表');
INSERT INTO `sys_dict_type` VALUES (9, '操作类型', 'sys_oper_type', '0', 'admin', '2024-11-30 10:29:37', '', NULL, '操作类型列表');
INSERT INTO `sys_dict_type` VALUES (10, '系统状态', 'sys_common_status', '0', 'admin', '2024-11-30 10:29:37', '', NULL, '登录状态列表');
INSERT INTO `sys_dict_type` VALUES (11, '预约时间', 'visa_appointment_time', '0', 'admin', '2025-01-07 01:59:46', '', NULL, NULL);
INSERT INTO `sys_dict_type` VALUES (12, '提交状态', 'file_submit_state', '0', 'admin', '2025-01-16 03:24:34', 'admin', '2025-01-16 03:25:39', NULL);

-- ----------------------------
-- Table structure for sys_job
-- ----------------------------
DROP TABLE IF EXISTS `sys_job`;
CREATE TABLE `sys_job`  (
  `job_id` bigint NOT NULL AUTO_INCREMENT COMMENT '任务ID',
  `job_name` varchar(64) CHARACTER SET utf8mb4 COLLATE utf8mb4_general_ci NOT NULL DEFAULT '' COMMENT '任务名称',
  `job_group` varchar(64) CHARACTER SET utf8mb4 COLLATE utf8mb4_general_ci NOT NULL DEFAULT 'DEFAULT' COMMENT '任务组名',
  `invoke_target` varchar(500) CHARACTER SET utf8mb4 COLLATE utf8mb4_general_ci NOT NULL COMMENT '调用目标字符串',
  `cron_expression` varchar(255) CHARACTER SET utf8mb4 COLLATE utf8mb4_general_ci NULL DEFAULT '' COMMENT 'cron执行表达式',
  `misfire_policy` varchar(20) CHARACTER SET utf8mb4 COLLATE utf8mb4_general_ci NULL DEFAULT '3' COMMENT '计划执行错误策略（1立即执行 2执行一次 3放弃执行）',
  `concurrent` char(1) CHARACTER SET utf8mb4 COLLATE utf8mb4_general_ci NULL DEFAULT '1' COMMENT '是否并发执行（0允许 1禁止）',
  `status` char(1) CHARACTER SET utf8mb4 COLLATE utf8mb4_general_ci NULL DEFAULT '0' COMMENT '状态（0正常 1暂停）',
  `create_by` varchar(64) CHARACTER SET utf8mb4 COLLATE utf8mb4_general_ci NULL DEFAULT '' COMMENT '创建者',
  `create_time` datetime NULL DEFAULT NULL COMMENT '创建时间',
  `update_by` varchar(64) CHARACTER SET utf8mb4 COLLATE utf8mb4_general_ci NULL DEFAULT '' COMMENT '更新者',
  `update_time` datetime NULL DEFAULT NULL COMMENT '更新时间',
  `remark` varchar(500) CHARACTER SET utf8mb4 COLLATE utf8mb4_general_ci NULL DEFAULT '' COMMENT '备注信息',
  PRIMARY KEY (`job_id`, `job_name`, `job_group`) USING BTREE
) ENGINE = InnoDB AUTO_INCREMENT = 4 CHARACTER SET = utf8mb4 COLLATE = utf8mb4_general_ci COMMENT = '定时任务调度表' ROW_FORMAT = DYNAMIC;

-- ----------------------------
-- Records of sys_job
-- ----------------------------
INSERT INTO `sys_job` VALUES (1, '系统默认（无参）', 'DEFAULT', 'ryTask.ryNoParams', '0/10 * * * * ?', '3', '1', '1', 'admin', '2024-11-30 10:29:37', '', NULL, '');
INSERT INTO `sys_job` VALUES (2, '系统默认（有参）', 'DEFAULT', 'ryTask.ryParams(\'ry\')', '0/15 * * * * ?', '3', '1', '1', 'admin', '2024-11-30 10:29:37', '', NULL, '');
INSERT INTO `sys_job` VALUES (3, '系统默认（多参）', 'DEFAULT', 'ryTask.ryMultipleParams(\'ry\', true, 2000L, 316.50D, 100)', '0/20 * * * * ?', '3', '1', '1', 'admin', '2024-11-30 10:29:37', '', NULL, '');

-- ----------------------------
-- Table structure for sys_job_log
-- ----------------------------
DROP TABLE IF EXISTS `sys_job_log`;
CREATE TABLE `sys_job_log`  (
  `job_log_id` bigint NOT NULL AUTO_INCREMENT COMMENT '任务日志ID',
  `job_name` varchar(64) CHARACTER SET utf8mb4 COLLATE utf8mb4_general_ci NOT NULL COMMENT '任务名称',
  `job_group` varchar(64) CHARACTER SET utf8mb4 COLLATE utf8mb4_general_ci NOT NULL COMMENT '任务组名',
  `invoke_target` varchar(500) CHARACTER SET utf8mb4 COLLATE utf8mb4_general_ci NOT NULL COMMENT '调用目标字符串',
  `job_message` varchar(500) CHARACTER SET utf8mb4 COLLATE utf8mb4_general_ci NULL DEFAULT NULL COMMENT '日志信息',
  `status` char(1) CHARACTER SET utf8mb4 COLLATE utf8mb4_general_ci NULL DEFAULT '0' COMMENT '执行状态（0正常 1失败）',
  `exception_info` varchar(2000) CHARACTER SET utf8mb4 COLLATE utf8mb4_general_ci NULL DEFAULT '' COMMENT '异常信息',
  `create_time` datetime NULL DEFAULT NULL COMMENT '创建时间',
  PRIMARY KEY (`job_log_id`) USING BTREE
) ENGINE = InnoDB AUTO_INCREMENT = 1 CHARACTER SET = utf8mb4 COLLATE = utf8mb4_general_ci COMMENT = '定时任务调度日志表' ROW_FORMAT = DYNAMIC;

-- ----------------------------
-- Records of sys_job_log
-- ----------------------------

-- ----------------------------
-- Table structure for sys_logininfor
-- ----------------------------
DROP TABLE IF EXISTS `sys_logininfor`;
CREATE TABLE `sys_logininfor`  (
  `info_id` bigint NOT NULL AUTO_INCREMENT COMMENT '访问ID',
  `user_name` varchar(50) CHARACTER SET utf8mb4 COLLATE utf8mb4_general_ci NULL DEFAULT '' COMMENT '用户账号',
  `ipaddr` varchar(128) CHARACTER SET utf8mb4 COLLATE utf8mb4_general_ci NULL DEFAULT '' COMMENT '登录IP地址',
  `login_location` varchar(255) CHARACTER SET utf8mb4 COLLATE utf8mb4_general_ci NULL DEFAULT '' COMMENT '登录地点',
  `browser` varchar(50) CHARACTER SET utf8mb4 COLLATE utf8mb4_general_ci NULL DEFAULT '' COMMENT '浏览器类型',
  `os` varchar(50) CHARACTER SET utf8mb4 COLLATE utf8mb4_general_ci NULL DEFAULT '' COMMENT '操作系统',
  `status` char(1) CHARACTER SET utf8mb4 COLLATE utf8mb4_general_ci NULL DEFAULT '0' COMMENT '登录状态（0成功 1失败）',
  `msg` varchar(255) CHARACTER SET utf8mb4 COLLATE utf8mb4_general_ci NULL DEFAULT '' COMMENT '提示消息',
  `login_time` datetime NULL DEFAULT NULL COMMENT '访问时间',
  PRIMARY KEY (`info_id`) USING BTREE,
  INDEX `idx_sys_logininfor_s`(`status` ASC) USING BTREE,
  INDEX `idx_sys_logininfor_lt`(`login_time` ASC) USING BTREE
) ENGINE = InnoDB AUTO_INCREMENT = 202 CHARACTER SET = utf8mb4 COLLATE = utf8mb4_general_ci COMMENT = '系统访问记录' ROW_FORMAT = DYNAMIC;

-- ----------------------------
-- Records of sys_logininfor
-- ----------------------------
INSERT INTO `sys_logininfor` VALUES (100, 'admin', '127.0.0.1', '内网IP', 'Chrome 12', 'Windows 10', '1', '用户不存在/密码错误', '2024-11-30 14:15:46');
INSERT INTO `sys_logininfor` VALUES (101, 'admin', '127.0.0.1', '内网IP', 'Chrome 12', 'Windows 10', '1', '用户不存在/密码错误', '2024-11-30 14:15:57');
INSERT INTO `sys_logininfor` VALUES (102, 'admin', '127.0.0.1', '内网IP', 'Chrome 12', 'Windows 10', '1', '用户不存在/密码错误', '2024-11-30 14:16:03');
INSERT INTO `sys_logininfor` VALUES (103, 'admin', '127.0.0.1', '内网IP', 'Chrome 12', 'Windows 10', '1', '用户不存在/密码错误', '2024-11-30 14:20:58');
INSERT INTO `sys_logininfor` VALUES (104, 'admin', '127.0.0.1', '内网IP', 'Chrome 12', 'Windows 10', '0', '登录成功', '2024-11-30 14:21:54');
INSERT INTO `sys_logininfor` VALUES (105, 'admin', '127.0.0.1', '内网IP', 'Chrome 12', 'Windows 10', '0', '登录成功', '2024-11-30 15:33:31');
INSERT INTO `sys_logininfor` VALUES (106, 'admin', '127.0.0.1', '内网IP', 'Chrome 12', 'Windows 10', '0', '登录成功', '2024-11-30 16:18:50');
INSERT INTO `sys_logininfor` VALUES (107, 'admin', '127.0.0.1', '内网IP', 'Chrome 12', 'Windows 10', '0', '登录成功', '2024-11-30 22:24:44');
INSERT INTO `sys_logininfor` VALUES (108, 'admin', '127.0.0.1', '内网IP', 'Chrome 12', 'Windows 10', '0', '登录成功', '2024-12-01 09:26:33');
INSERT INTO `sys_logininfor` VALUES (109, 'admin', '127.0.0.1', '内网IP', 'Chrome 12', 'Windows 10', '0', '登录成功', '2024-12-01 10:01:12');
INSERT INTO `sys_logininfor` VALUES (110, 'admin', '127.0.0.1', '内网IP', 'Chrome 12', 'Windows 10', '0', '登录成功', '2024-12-01 11:08:05');
INSERT INTO `sys_logininfor` VALUES (111, 'admin', '127.0.0.1', '内网IP', 'Chrome 12', 'Windows 10', '0', '登录成功', '2024-12-01 15:11:44');
INSERT INTO `sys_logininfor` VALUES (112, 'admin', '127.0.0.1', '内网IP', 'Chrome 12', 'Windows 10', '0', '登录成功', '2024-12-01 16:30:07');
INSERT INTO `sys_logininfor` VALUES (113, 'admin', '127.0.0.1', '内网IP', 'Chrome 12', 'Windows 10', '0', '登录成功', '2024-12-01 17:58:44');
INSERT INTO `sys_logininfor` VALUES (114, 'admin', '127.0.0.1', '内网IP', 'Chrome 12', 'Windows 10', '0', '登录成功', '2024-12-01 21:54:57');
INSERT INTO `sys_logininfor` VALUES (115, 'admin', '127.0.0.1', '内网IP', 'Chrome 12', 'Windows 10', '0', '登录成功', '2024-12-01 22:59:00');
INSERT INTO `sys_logininfor` VALUES (116, 'admin', '127.0.0.1', '内网IP', 'Chrome 12', 'Windows 10', '0', '登录成功', '2024-12-02 09:49:29');
INSERT INTO `sys_logininfor` VALUES (117, 'user1', '127.0.0.1', '内网IP', 'Chrome 12', 'Windows 10', '0', '登录成功', '2024-12-02 09:55:34');
INSERT INTO `sys_logininfor` VALUES (118, 'review1', '127.0.0.1', '内网IP', 'Chrome 13', 'Windows 10', '0', '登录成功', '2024-12-02 09:55:53');
INSERT INTO `sys_logininfor` VALUES (119, 'review1', '127.0.0.1', '内网IP', 'Chrome 13', 'Windows 10', '0', '退出成功', '2024-12-02 10:34:30');
INSERT INTO `sys_logininfor` VALUES (120, 'user1', '127.0.0.1', '内网IP', 'Chrome 12', 'Windows 10', '0', '退出成功', '2024-12-02 10:34:37');
INSERT INTO `sys_logininfor` VALUES (121, 'user1', '127.0.0.1', '内网IP', 'Chrome 12', 'Windows 10', '0', '登录成功', '2024-12-02 10:34:47');
INSERT INTO `sys_logininfor` VALUES (122, 'review1', '127.0.0.1', '内网IP', 'Chrome 13', 'Windows 10', '0', '登录成功', '2024-12-02 10:34:55');
INSERT INTO `sys_logininfor` VALUES (123, 'admin', '127.0.0.1', '内网IP', 'Chrome 12', 'Windows 10', '0', '退出成功', '2024-12-02 11:00:47');
INSERT INTO `sys_logininfor` VALUES (124, 'admin', '127.0.0.1', '内网IP', 'Chrome 12', 'Windows 10', '0', '登录成功', '2024-12-02 11:00:59');
INSERT INTO `sys_logininfor` VALUES (125, 'admin', '127.0.0.1', '内网IP', 'Chrome 12', 'Windows 10', '0', '登录成功', '2024-12-02 14:48:50');
INSERT INTO `sys_logininfor` VALUES (126, 'user1', '127.0.0.1', '内网IP', 'Chrome 12', 'Windows 10', '0', '登录成功', '2024-12-02 14:49:56');
INSERT INTO `sys_logininfor` VALUES (127, 'review1', '127.0.0.1', '内网IP', 'Chrome 13', 'Windows 10', '0', '登录成功', '2024-12-02 14:50:07');
INSERT INTO `sys_logininfor` VALUES (128, 'admin', '127.0.0.1', '内网IP', 'Chrome 12', 'Windows 10', '0', '登录成功', '2024-12-02 22:47:44');
INSERT INTO `sys_logininfor` VALUES (129, 'admin', '127.0.0.1', '内网IP', 'Chrome 12', 'Windows 10', '1', '验证码已失效', '2024-12-03 16:10:40');
INSERT INTO `sys_logininfor` VALUES (130, 'admin', '127.0.0.1', '内网IP', 'Chrome 12', 'Windows 10', '0', '登录成功', '2024-12-03 16:10:44');
INSERT INTO `sys_logininfor` VALUES (131, 'admin', '127.0.0.1', '内网IP', 'Chrome 12', 'Windows 10', '0', '登录成功', '2024-12-03 16:45:56');
INSERT INTO `sys_logininfor` VALUES (132, 'admin', '127.0.0.1', '内网IP', 'Chrome 12', 'Windows 10', '0', '登录成功', '2024-12-03 22:46:09');
INSERT INTO `sys_logininfor` VALUES (133, 'admin', '127.0.0.1', '内网IP', 'Chrome 12', 'Windows 10', '0', '登录成功', '2024-12-03 23:39:17');
INSERT INTO `sys_logininfor` VALUES (134, 'user1', '127.0.0.1', '内网IP', 'Chrome 12', 'Windows 10', '0', '登录成功', '2024-12-03 23:46:47');
INSERT INTO `sys_logininfor` VALUES (135, 'review1', '127.0.0.1', '内网IP', 'Chrome 13', 'Windows 10', '0', '登录成功', '2024-12-04 00:01:03');
INSERT INTO `sys_logininfor` VALUES (136, 'admin', '127.0.0.1', '内网IP', 'Chrome 12', 'Windows 10', '0', '登录成功', '2024-12-04 10:43:45');
INSERT INTO `sys_logininfor` VALUES (137, 'user1', '127.0.0.1', '内网IP', 'Chrome 12', 'Windows 10', '0', '登录成功', '2024-12-04 10:44:22');
INSERT INTO `sys_logininfor` VALUES (138, 'review1', '127.0.0.1', '内网IP', 'Chrome 13', 'Windows 10', '0', '登录成功', '2024-12-04 10:46:59');
INSERT INTO `sys_logininfor` VALUES (139, 'admin', '127.0.0.1', '内网IP', 'Chrome 13', 'Windows 10', '0', '登录成功', '2024-12-04 11:15:59');
INSERT INTO `sys_logininfor` VALUES (140, 'admin', '127.0.0.1', '内网IP', 'Chrome 13', 'Windows 10', '0', '退出成功', '2024-12-04 11:20:36');
INSERT INTO `sys_logininfor` VALUES (141, 'admin', '127.0.0.1', '内网IP', 'Chrome 13', 'Windows 10', '0', '登录成功', '2024-12-04 11:20:46');
INSERT INTO `sys_logininfor` VALUES (142, 'review1', '127.0.0.1', '内网IP', 'Chrome 13', 'Windows 10', '1', '用户不存在/密码错误', '2024-12-04 11:21:01');
INSERT INTO `sys_logininfor` VALUES (143, 'review1', '127.0.0.1', '内网IP', 'Chrome 13', 'Windows 10', '1', '用户不存在/密码错误', '2024-12-04 11:21:31');
INSERT INTO `sys_logininfor` VALUES (144, 'review1', '127.0.0.1', '内网IP', 'Chrome 13', 'Windows 10', '0', '登录成功', '2024-12-04 11:22:47');
INSERT INTO `sys_logininfor` VALUES (145, 'review1', '127.0.0.1', '内网IP', 'Chrome 13', 'Windows 10', '0', '退出成功', '2024-12-04 11:25:55');
INSERT INTO `sys_logininfor` VALUES (146, 'admin', '127.0.0.1', '内网IP', 'Chrome 13', 'Windows 10', '0', '登录成功', '2024-12-04 11:26:07');
INSERT INTO `sys_logininfor` VALUES (147, 'user1', '127.0.0.1', '内网IP', 'Chrome 13', 'Windows 10', '0', '登录成功', '2024-12-04 11:26:29');
INSERT INTO `sys_logininfor` VALUES (148, 'admin', '127.0.0.1', '内网IP', 'Chrome 13', 'Windows 10', '0', '登录成功', '2024-12-04 16:44:11');
INSERT INTO `sys_logininfor` VALUES (149, 'admin', '127.0.0.1', '内网IP', 'Chrome 13', 'Windows 10', '0', '退出成功', '2024-12-04 16:47:39');
INSERT INTO `sys_logininfor` VALUES (150, 'user1', '127.0.0.1', '内网IP', 'Chrome 13', 'Windows 10', '0', '登录成功', '2024-12-04 16:47:58');
INSERT INTO `sys_logininfor` VALUES (151, 'user1', '127.0.0.1', '内网IP', 'Chrome 13', 'Windows 10', '0', '退出成功', '2024-12-04 16:50:12');
INSERT INTO `sys_logininfor` VALUES (152, 'admin', '127.0.0.1', '内网IP', 'Chrome 13', 'Windows 10', '0', '登录成功', '2024-12-04 16:50:17');
INSERT INTO `sys_logininfor` VALUES (153, 'admin', '127.0.0.1', '内网IP', 'Chrome 13', 'Windows 10', '0', '退出成功', '2024-12-04 16:53:20');
INSERT INTO `sys_logininfor` VALUES (154, 'review1', '127.0.0.1', '内网IP', 'Chrome 13', 'Windows 10', '0', '登录成功', '2024-12-04 16:53:29');
INSERT INTO `sys_logininfor` VALUES (155, 'student', '127.0.0.1', '内网IP', 'Chrome 13', 'Windows 10', '0', '退出成功', '2024-12-05 13:38:54');
INSERT INTO `sys_logininfor` VALUES (156, 'admin', '127.0.0.1', '内网IP', 'Chrome 13', 'Windows 10', '1', '验证码错误', '2024-12-05 13:38:59');
INSERT INTO `sys_logininfor` VALUES (157, 'admin', '127.0.0.1', '内网IP', 'Chrome 13', 'Windows 10', '0', '登录成功', '2024-12-05 13:39:03');
INSERT INTO `sys_logininfor` VALUES (158, 'admin', '127.0.0.1', '内网IP', 'Chrome 13', 'Windows 10', '0', '登录成功', '2024-12-17 23:15:08');
INSERT INTO `sys_logininfor` VALUES (159, 'admin', '127.0.0.1', '内网IP', 'Chrome 13', 'Windows 10', '0', '登录成功', '2024-12-18 17:41:42');
INSERT INTO `sys_logininfor` VALUES (160, 'admin', '127.0.0.1', '内网IP', 'Chrome 13', 'Windows 10', '0', '登录成功', '2024-12-18 18:12:53');
INSERT INTO `sys_logininfor` VALUES (161, 'admin', '127.0.0.1', '内网IP', 'Chrome 13', 'Windows 10', '0', '登录成功', '2024-12-18 18:42:58');
INSERT INTO `sys_logininfor` VALUES (162, 'admin', '127.0.0.1', '内网IP', 'Chrome 13', 'Windows 10', '0', '登录成功', '2024-12-18 19:16:41');
INSERT INTO `sys_logininfor` VALUES (163, 'admin', '127.0.0.1', '内网IP', 'Chrome 13', 'Windows 10', '0', '登录成功', '2025-01-05 03:32:03');
INSERT INTO `sys_logininfor` VALUES (164, 'admin', '127.0.0.1', '内网IP', 'Chrome 13', 'Windows 10', '0', '登录成功', '2025-01-05 05:31:07');
INSERT INTO `sys_logininfor` VALUES (165, 'admin', '127.0.0.1', '内网IP', 'Chrome 13', 'Windows 10', '0', '登录成功', '2025-01-06 11:50:28');
INSERT INTO `sys_logininfor` VALUES (166, 'admin', '127.0.0.1', '内网IP', 'Chrome 13', 'Windows 10', '0', '登录成功', '2025-01-06 12:45:10');
INSERT INTO `sys_logininfor` VALUES (167, 'admin', '127.0.0.1', '内网IP', 'Chrome 13', 'Windows 10', '0', '登录成功', '2025-01-07 01:46:54');
INSERT INTO `sys_logininfor` VALUES (168, 'admin', '127.0.0.1', '内网IP', 'Chrome 13', 'Windows 10', '0', '登录成功', '2025-01-08 18:52:31');
INSERT INTO `sys_logininfor` VALUES (169, 'admin', '127.0.0.1', '内网IP', 'Chrome 13', 'Windows 10', '0', '登录成功', '2025-01-09 01:42:03');
INSERT INTO `sys_logininfor` VALUES (170, 'admin', '127.0.0.1', '内网IP', 'Chrome 13', 'Windows 10', '0', '登录成功', '2025-01-13 04:35:20');
INSERT INTO `sys_logininfor` VALUES (171, 'admin', '127.0.0.1', '内网IP', 'Chrome 13', 'Windows 10', '0', '退出成功', '2025-01-13 04:56:01');
INSERT INTO `sys_logininfor` VALUES (172, 'admin', '127.0.0.1', '内网IP', 'Chrome 13', 'Windows 10', '0', '登录成功', '2025-01-13 04:58:30');
INSERT INTO `sys_logininfor` VALUES (173, 'admin', '127.0.0.1', '内网IP', 'Chrome 13', 'Windows 10', '0', '退出成功', '2025-01-13 05:02:45');
INSERT INTO `sys_logininfor` VALUES (174, 'admin', '127.0.0.1', '内网IP', 'Chrome 13', 'Windows 10', '0', '登录成功', '2025-01-13 05:03:24');
INSERT INTO `sys_logininfor` VALUES (175, 'admin', '127.0.0.1', '内网IP', 'Chrome 13', 'Windows 10', '0', '登录成功', '2025-01-13 12:22:03');
INSERT INTO `sys_logininfor` VALUES (176, 'admin', '127.0.0.1', '内网IP', 'Chrome 13', 'Windows 10', '0', '登录成功', '2025-01-16 03:15:04');
INSERT INTO `sys_logininfor` VALUES (177, 'admin', '127.0.0.1', '内网IP', 'Chrome 13', 'Windows 10', '0', '登录成功', '2025-01-19 03:31:03');
INSERT INTO `sys_logininfor` VALUES (178, 'admin', '127.0.0.1', '内网IP', 'Chrome 13', 'Windows 10', '0', '退出成功', '2025-01-19 03:42:07');
INSERT INTO `sys_logininfor` VALUES (179, 'admin', '127.0.0.1', '内网IP', 'Chrome 13', 'Windows 10', '0', '登录成功', '2025-01-19 03:42:12');
INSERT INTO `sys_logininfor` VALUES (180, 'admin', '127.0.0.1', '内网IP', 'Chrome 13', 'Windows 10', '0', '退出成功', '2025-01-19 05:50:48');
INSERT INTO `sys_logininfor` VALUES (181, 'user1', '127.0.0.1', '内网IP', 'Chrome 13', 'Windows 10', '0', '登录成功', '2025-01-19 05:51:04');
INSERT INTO `sys_logininfor` VALUES (182, 'user1', '127.0.0.1', '内网IP', 'Chrome 13', 'Windows 10', '0', '退出成功', '2025-01-19 05:54:38');
INSERT INTO `sys_logininfor` VALUES (183, 'admin', '127.0.0.1', '内网IP', 'Chrome 13', 'Windows 10', '0', '登录成功', '2025-01-19 05:54:41');
INSERT INTO `sys_logininfor` VALUES (184, 'admin', '127.0.0.1', '内网IP', 'Chrome 13', 'Windows 10', '0', '登录成功', '2025-01-19 06:35:38');
INSERT INTO `sys_logininfor` VALUES (185, 'admin', '127.0.0.1', '内网IP', 'Chrome 13', 'Windows 10', '0', '退出成功', '2025-01-19 08:34:18');
INSERT INTO `sys_logininfor` VALUES (186, 'user1', '127.0.0.1', '内网IP', 'Chrome 13', 'Windows 10', '0', '登录成功', '2025-01-19 08:34:29');
INSERT INTO `sys_logininfor` VALUES (187, 'user1', '127.0.0.1', '内网IP', 'Chrome 13', 'Windows 10', '0', '退出成功', '2025-01-19 08:34:38');
INSERT INTO `sys_logininfor` VALUES (188, 'admin', '127.0.0.1', '内网IP', 'Chrome 13', 'Windows 10', '0', '登录成功', '2025-01-19 08:34:42');
INSERT INTO `sys_logininfor` VALUES (189, 'admin', '127.0.0.1', '内网IP', 'Chrome 13', 'Windows 10', '0', '退出成功', '2025-01-19 08:35:09');
INSERT INTO `sys_logininfor` VALUES (190, 'user1', '127.0.0.1', '内网IP', 'Chrome 13', 'Windows 10', '0', '登录成功', '2025-01-19 08:35:21');
INSERT INTO `sys_logininfor` VALUES (191, 'user1', '127.0.0.1', '内网IP', 'Chrome 13', 'Windows 10', '0', '退出成功', '2025-01-19 08:40:51');
INSERT INTO `sys_logininfor` VALUES (192, 'admin', '127.0.0.1', '内网IP', 'Chrome 13', 'Windows 10', '0', '登录成功', '2025-01-19 08:40:55');
INSERT INTO `sys_logininfor` VALUES (193, 'admin', '127.0.0.1', '内网IP', 'Chrome 13', 'Windows 10', '0', '退出成功', '2025-01-19 08:41:55');
INSERT INTO `sys_logininfor` VALUES (194, 'user1', '127.0.0.1', '内网IP', 'Chrome 13', 'Windows 10', '0', '登录成功', '2025-01-19 08:42:06');
INSERT INTO `sys_logininfor` VALUES (195, 'user1', '127.0.0.1', '内网IP', 'Chrome 13', 'Windows 10', '0', '退出成功', '2025-01-19 09:00:18');
INSERT INTO `sys_logininfor` VALUES (196, 'admin', '127.0.0.1', '内网IP', 'Chrome 13', 'Windows 10', '0', '登录成功', '2025-01-19 09:00:21');
INSERT INTO `sys_logininfor` VALUES (197, 'admin', '127.0.0.1', '内网IP', 'Chrome 13', 'Windows 10', '0', '退出成功', '2025-01-19 09:03:45');
INSERT INTO `sys_logininfor` VALUES (198, 'user1', '127.0.0.1', '内网IP', 'Chrome 13', 'Windows 10', '0', '登录成功', '2025-01-19 09:03:55');
INSERT INTO `sys_logininfor` VALUES (199, 'admin', '127.0.0.1', '内网IP', 'Chrome 13', 'Windows 10', '0', '登录成功', '2025-01-19 09:30:25');
INSERT INTO `sys_logininfor` VALUES (200, 'admin', '127.0.0.1', '内网IP', 'Chrome 13', 'Windows 10', '0', '退出成功', '2025-01-19 09:30:50');
INSERT INTO `sys_logininfor` VALUES (201, 'user1', '127.0.0.1', '内网IP', 'Chrome 13', 'Windows 10', '0', '登录成功', '2025-01-19 09:31:01');

-- ----------------------------
-- Table structure for sys_menu
-- ----------------------------
DROP TABLE IF EXISTS `sys_menu`;
CREATE TABLE `sys_menu`  (
  `menu_id` bigint NOT NULL AUTO_INCREMENT COMMENT '菜单ID',
  `menu_name` varchar(50) CHARACTER SET utf8mb4 COLLATE utf8mb4_general_ci NOT NULL COMMENT '菜单名称',
  `parent_id` bigint NULL DEFAULT 0 COMMENT '父菜单ID',
  `order_num` int NULL DEFAULT 0 COMMENT '显示顺序',
  `path` varchar(200) CHARACTER SET utf8mb4 COLLATE utf8mb4_general_ci NULL DEFAULT '' COMMENT '路由地址',
  `component` varchar(255) CHARACTER SET utf8mb4 COLLATE utf8mb4_general_ci NULL DEFAULT NULL COMMENT '组件路径',
  `query` varchar(255) CHARACTER SET utf8mb4 COLLATE utf8mb4_general_ci NULL DEFAULT NULL COMMENT '路由参数',
  `route_name` varchar(50) CHARACTER SET utf8mb4 COLLATE utf8mb4_general_ci NULL DEFAULT '' COMMENT '路由名称',
  `is_frame` int NULL DEFAULT 1 COMMENT '是否为外链（0是 1否）',
  `is_cache` int NULL DEFAULT 0 COMMENT '是否缓存（0缓存 1不缓存）',
  `menu_type` char(1) CHARACTER SET utf8mb4 COLLATE utf8mb4_general_ci NULL DEFAULT '' COMMENT '菜单类型（M目录 C菜单 F按钮）',
  `visible` char(1) CHARACTER SET utf8mb4 COLLATE utf8mb4_general_ci NULL DEFAULT '0' COMMENT '菜单状态（0显示 1隐藏）',
  `status` char(1) CHARACTER SET utf8mb4 COLLATE utf8mb4_general_ci NULL DEFAULT '0' COMMENT '菜单状态（0正常 1停用）',
  `perms` varchar(100) CHARACTER SET utf8mb4 COLLATE utf8mb4_general_ci NULL DEFAULT NULL COMMENT '权限标识',
  `icon` varchar(100) CHARACTER SET utf8mb4 COLLATE utf8mb4_general_ci NULL DEFAULT '#' COMMENT '菜单图标',
  `create_by` varchar(64) CHARACTER SET utf8mb4 COLLATE utf8mb4_general_ci NULL DEFAULT '' COMMENT '创建者',
  `create_time` datetime NULL DEFAULT NULL COMMENT '创建时间',
  `update_by` varchar(64) CHARACTER SET utf8mb4 COLLATE utf8mb4_general_ci NULL DEFAULT '' COMMENT '更新者',
  `update_time` datetime NULL DEFAULT NULL COMMENT '更新时间',
  `remark` varchar(500) CHARACTER SET utf8mb4 COLLATE utf8mb4_general_ci NULL DEFAULT '' COMMENT '备注',
  PRIMARY KEY (`menu_id`) USING BTREE
) ENGINE = InnoDB AUTO_INCREMENT = 2033 CHARACTER SET = utf8mb4 COLLATE = utf8mb4_general_ci COMMENT = '菜单权限表' ROW_FORMAT = DYNAMIC;

-- ----------------------------
-- Records of sys_menu
-- ----------------------------
INSERT INTO `sys_menu` VALUES (1, '系统管理', 0, 1, 'system', NULL, '', '', 1, 0, 'M', '0', '0', '', 'system', 'admin', '2024-11-30 10:29:36', '', NULL, '系统管理目录');
INSERT INTO `sys_menu` VALUES (2, '系统监控', 0, 2, 'monitor', NULL, '', '', 1, 0, 'M', '0', '0', '', 'monitor', 'admin', '2024-11-30 10:29:36', '', NULL, '系统监控目录');
INSERT INTO `sys_menu` VALUES (3, '系统工具', 0, 3, 'tool', NULL, '', '', 1, 0, 'M', '0', '0', '', 'tool', 'admin', '2024-11-30 10:29:36', '', NULL, '系统工具目录');
INSERT INTO `sys_menu` VALUES (4, 'AI assistant', 0, 4, 'https://colrge-gemini-fyp-new.deno.dev/', NULL, '', '', 1, 0, 'M', '0', '0', '', 'guide', 'admin', '2024-11-30 10:29:36', 'admin', '2025-01-19 07:51:57', '若依官网地址');
INSERT INTO `sys_menu` VALUES (100, '用户管理', 1, 1, 'user', 'system/user/index', '', '', 1, 0, 'C', '0', '0', 'system:user:list', 'user', 'admin', '2024-11-30 10:29:36', '', NULL, '用户管理菜单');
INSERT INTO `sys_menu` VALUES (101, '角色管理', 1, 2, 'role', 'system/role/index', '', '', 1, 0, 'C', '0', '0', 'system:role:list', 'peoples', 'admin', '2024-11-30 10:29:36', '', NULL, '角色管理菜单');
INSERT INTO `sys_menu` VALUES (102, '菜单管理', 1, 3, 'menu', 'system/menu/index', '', '', 1, 0, 'C', '0', '0', 'system:menu:list', 'tree-table', 'admin', '2024-11-30 10:29:36', '', NULL, '菜单管理菜单');
INSERT INTO `sys_menu` VALUES (103, '部门管理', 1, 4, 'dept', 'system/dept/index', '', '', 1, 0, 'C', '0', '0', 'system:dept:list', 'tree', 'admin', '2024-11-30 10:29:36', '', NULL, '部门管理菜单');
INSERT INTO `sys_menu` VALUES (104, '岗位管理', 1, 5, 'post', 'system/post/index', '', '', 1, 0, 'C', '0', '0', 'system:post:list', 'post', 'admin', '2024-11-30 10:29:36', '', NULL, '岗位管理菜单');
INSERT INTO `sys_menu` VALUES (105, '字典管理', 1, 6, 'dict', 'system/dict/index', '', '', 1, 0, 'C', '0', '0', 'system:dict:list', 'dict', 'admin', '2024-11-30 10:29:36', '', NULL, '字典管理菜单');
INSERT INTO `sys_menu` VALUES (106, '参数设置', 1, 7, 'config', 'system/config/index', '', '', 1, 0, 'C', '0', '0', 'system:config:list', 'edit', 'admin', '2024-11-30 10:29:36', '', NULL, '参数设置菜单');
INSERT INTO `sys_menu` VALUES (107, '通知公告', 1, 8, 'notice', 'system/notice/index', '', '', 1, 0, 'C', '0', '0', 'system:notice:list', 'message', 'admin', '2024-11-30 10:29:36', '', NULL, '通知公告菜单');
INSERT INTO `sys_menu` VALUES (108, '日志管理', 1, 9, 'log', '', '', '', 1, 0, 'M', '0', '0', '', 'log', 'admin', '2024-11-30 10:29:36', '', NULL, '日志管理菜单');
INSERT INTO `sys_menu` VALUES (109, '在线用户', 2, 1, 'online', 'monitor/online/index', '', '', 1, 0, 'C', '0', '0', 'monitor:online:list', 'online', 'admin', '2024-11-30 10:29:36', '', NULL, '在线用户菜单');
INSERT INTO `sys_menu` VALUES (110, '定时任务', 2, 2, 'job', 'monitor/job/index', '', '', 1, 0, 'C', '0', '0', 'monitor:job:list', 'job', 'admin', '2024-11-30 10:29:36', '', NULL, '定时任务菜单');
INSERT INTO `sys_menu` VALUES (111, '数据监控', 2, 3, 'druid', 'monitor/druid/index', '', '', 1, 0, 'C', '0', '0', 'monitor:druid:list', 'druid', 'admin', '2024-11-30 10:29:36', '', NULL, '数据监控菜单');
INSERT INTO `sys_menu` VALUES (112, '服务监控', 2, 4, 'server', 'monitor/server/index', '', '', 1, 0, 'C', '0', '0', 'monitor:server:list', 'server', 'admin', '2024-11-30 10:29:36', '', NULL, '服务监控菜单');
INSERT INTO `sys_menu` VALUES (113, '缓存监控', 2, 5, 'cache', 'monitor/cache/index', '', '', 1, 0, 'C', '0', '0', 'monitor:cache:list', 'redis', 'admin', '2024-11-30 10:29:36', '', NULL, '缓存监控菜单');
INSERT INTO `sys_menu` VALUES (114, '缓存列表', 2, 6, 'cacheList', 'monitor/cache/list', '', '', 1, 0, 'C', '0', '0', 'monitor:cache:list', 'redis-list', 'admin', '2024-11-30 10:29:36', '', NULL, '缓存列表菜单');
INSERT INTO `sys_menu` VALUES (115, '表单构建', 3, 1, 'build', 'tool/build/index', '', '', 1, 0, 'C', '0', '0', 'tool:build:list', 'build', 'admin', '2024-11-30 10:29:36', '', NULL, '表单构建菜单');
INSERT INTO `sys_menu` VALUES (116, '代码生成', 3, 2, 'gen', 'tool/gen/index', '', '', 1, 0, 'C', '0', '0', 'tool:gen:list', 'code', 'admin', '2024-11-30 10:29:36', '', NULL, '代码生成菜单');
INSERT INTO `sys_menu` VALUES (117, '系统接口', 3, 3, 'swagger', 'tool/swagger/index', '', '', 1, 0, 'C', '0', '0', 'tool:swagger:list', 'swagger', 'admin', '2024-11-30 10:29:36', '', NULL, '系统接口菜单');
INSERT INTO `sys_menu` VALUES (500, '操作日志', 108, 1, 'operlog', 'monitor/operlog/index', '', '', 1, 0, 'C', '0', '0', 'monitor:operlog:list', 'form', 'admin', '2024-11-30 10:29:36', '', NULL, '操作日志菜单');
INSERT INTO `sys_menu` VALUES (501, '登录日志', 108, 2, 'logininfor', 'monitor/logininfor/index', '', '', 1, 0, 'C', '0', '0', 'monitor:logininfor:list', 'logininfor', 'admin', '2024-11-30 10:29:36', '', NULL, '登录日志菜单');
INSERT INTO `sys_menu` VALUES (1000, '用户查询', 100, 1, '', '', '', '', 1, 0, 'F', '0', '0', 'system:user:query', '#', 'admin', '2024-11-30 10:29:36', '', NULL, '');
INSERT INTO `sys_menu` VALUES (1001, '用户新增', 100, 2, '', '', '', '', 1, 0, 'F', '0', '0', 'system:user:add', '#', 'admin', '2024-11-30 10:29:37', '', NULL, '');
INSERT INTO `sys_menu` VALUES (1002, '用户修改', 100, 3, '', '', '', '', 1, 0, 'F', '0', '0', 'system:user:edit', '#', 'admin', '2024-11-30 10:29:37', '', NULL, '');
INSERT INTO `sys_menu` VALUES (1003, '用户删除', 100, 4, '', '', '', '', 1, 0, 'F', '0', '0', 'system:user:remove', '#', 'admin', '2024-11-30 10:29:37', '', NULL, '');
INSERT INTO `sys_menu` VALUES (1004, '用户导出', 100, 5, '', '', '', '', 1, 0, 'F', '0', '0', 'system:user:export', '#', 'admin', '2024-11-30 10:29:37', '', NULL, '');
INSERT INTO `sys_menu` VALUES (1005, '用户导入', 100, 6, '', '', '', '', 1, 0, 'F', '0', '0', 'system:user:import', '#', 'admin', '2024-11-30 10:29:37', '', NULL, '');
INSERT INTO `sys_menu` VALUES (1006, '重置密码', 100, 7, '', '', '', '', 1, 0, 'F', '0', '0', 'system:user:resetPwd', '#', 'admin', '2024-11-30 10:29:37', '', NULL, '');
INSERT INTO `sys_menu` VALUES (1007, '角色查询', 101, 1, '', '', '', '', 1, 0, 'F', '0', '0', 'system:role:query', '#', 'admin', '2024-11-30 10:29:37', '', NULL, '');
INSERT INTO `sys_menu` VALUES (1008, '角色新增', 101, 2, '', '', '', '', 1, 0, 'F', '0', '0', 'system:role:add', '#', 'admin', '2024-11-30 10:29:37', '', NULL, '');
INSERT INTO `sys_menu` VALUES (1009, '角色修改', 101, 3, '', '', '', '', 1, 0, 'F', '0', '0', 'system:role:edit', '#', 'admin', '2024-11-30 10:29:37', '', NULL, '');
INSERT INTO `sys_menu` VALUES (1010, '角色删除', 101, 4, '', '', '', '', 1, 0, 'F', '0', '0', 'system:role:remove', '#', 'admin', '2024-11-30 10:29:37', '', NULL, '');
INSERT INTO `sys_menu` VALUES (1011, '角色导出', 101, 5, '', '', '', '', 1, 0, 'F', '0', '0', 'system:role:export', '#', 'admin', '2024-11-30 10:29:37', '', NULL, '');
INSERT INTO `sys_menu` VALUES (1012, '菜单查询', 102, 1, '', '', '', '', 1, 0, 'F', '0', '0', 'system:menu:query', '#', 'admin', '2024-11-30 10:29:37', '', NULL, '');
INSERT INTO `sys_menu` VALUES (1013, '菜单新增', 102, 2, '', '', '', '', 1, 0, 'F', '0', '0', 'system:menu:add', '#', 'admin', '2024-11-30 10:29:37', '', NULL, '');
INSERT INTO `sys_menu` VALUES (1014, '菜单修改', 102, 3, '', '', '', '', 1, 0, 'F', '0', '0', 'system:menu:edit', '#', 'admin', '2024-11-30 10:29:37', '', NULL, '');
INSERT INTO `sys_menu` VALUES (1015, '菜单删除', 102, 4, '', '', '', '', 1, 0, 'F', '0', '0', 'system:menu:remove', '#', 'admin', '2024-11-30 10:29:37', '', NULL, '');
INSERT INTO `sys_menu` VALUES (1016, '部门查询', 103, 1, '', '', '', '', 1, 0, 'F', '0', '0', 'system:dept:query', '#', 'admin', '2024-11-30 10:29:37', '', NULL, '');
INSERT INTO `sys_menu` VALUES (1017, '部门新增', 103, 2, '', '', '', '', 1, 0, 'F', '0', '0', 'system:dept:add', '#', 'admin', '2024-11-30 10:29:37', '', NULL, '');
INSERT INTO `sys_menu` VALUES (1018, '部门修改', 103, 3, '', '', '', '', 1, 0, 'F', '0', '0', 'system:dept:edit', '#', 'admin', '2024-11-30 10:29:37', '', NULL, '');
INSERT INTO `sys_menu` VALUES (1019, '部门删除', 103, 4, '', '', '', '', 1, 0, 'F', '0', '0', 'system:dept:remove', '#', 'admin', '2024-11-30 10:29:37', '', NULL, '');
INSERT INTO `sys_menu` VALUES (1020, '岗位查询', 104, 1, '', '', '', '', 1, 0, 'F', '0', '0', 'system:post:query', '#', 'admin', '2024-11-30 10:29:37', '', NULL, '');
INSERT INTO `sys_menu` VALUES (1021, '岗位新增', 104, 2, '', '', '', '', 1, 0, 'F', '0', '0', 'system:post:add', '#', 'admin', '2024-11-30 10:29:37', '', NULL, '');
INSERT INTO `sys_menu` VALUES (1022, '岗位修改', 104, 3, '', '', '', '', 1, 0, 'F', '0', '0', 'system:post:edit', '#', 'admin', '2024-11-30 10:29:37', '', NULL, '');
INSERT INTO `sys_menu` VALUES (1023, '岗位删除', 104, 4, '', '', '', '', 1, 0, 'F', '0', '0', 'system:post:remove', '#', 'admin', '2024-11-30 10:29:37', '', NULL, '');
INSERT INTO `sys_menu` VALUES (1024, '岗位导出', 104, 5, '', '', '', '', 1, 0, 'F', '0', '0', 'system:post:export', '#', 'admin', '2024-11-30 10:29:37', '', NULL, '');
INSERT INTO `sys_menu` VALUES (1025, '字典查询', 105, 1, '#', '', '', '', 1, 0, 'F', '0', '0', 'system:dict:query', '#', 'admin', '2024-11-30 10:29:37', '', NULL, '');
INSERT INTO `sys_menu` VALUES (1026, '字典新增', 105, 2, '#', '', '', '', 1, 0, 'F', '0', '0', 'system:dict:add', '#', 'admin', '2024-11-30 10:29:37', '', NULL, '');
INSERT INTO `sys_menu` VALUES (1027, '字典修改', 105, 3, '#', '', '', '', 1, 0, 'F', '0', '0', 'system:dict:edit', '#', 'admin', '2024-11-30 10:29:37', '', NULL, '');
INSERT INTO `sys_menu` VALUES (1028, '字典删除', 105, 4, '#', '', '', '', 1, 0, 'F', '0', '0', 'system:dict:remove', '#', 'admin', '2024-11-30 10:29:37', '', NULL, '');
INSERT INTO `sys_menu` VALUES (1029, '字典导出', 105, 5, '#', '', '', '', 1, 0, 'F', '0', '0', 'system:dict:export', '#', 'admin', '2024-11-30 10:29:37', '', NULL, '');
INSERT INTO `sys_menu` VALUES (1030, '参数查询', 106, 1, '#', '', '', '', 1, 0, 'F', '0', '0', 'system:config:query', '#', 'admin', '2024-11-30 10:29:37', '', NULL, '');
INSERT INTO `sys_menu` VALUES (1031, '参数新增', 106, 2, '#', '', '', '', 1, 0, 'F', '0', '0', 'system:config:add', '#', 'admin', '2024-11-30 10:29:37', '', NULL, '');
INSERT INTO `sys_menu` VALUES (1032, '参数修改', 106, 3, '#', '', '', '', 1, 0, 'F', '0', '0', 'system:config:edit', '#', 'admin', '2024-11-30 10:29:37', '', NULL, '');
INSERT INTO `sys_menu` VALUES (1033, '参数删除', 106, 4, '#', '', '', '', 1, 0, 'F', '0', '0', 'system:config:remove', '#', 'admin', '2024-11-30 10:29:37', '', NULL, '');
INSERT INTO `sys_menu` VALUES (1034, '参数导出', 106, 5, '#', '', '', '', 1, 0, 'F', '0', '0', 'system:config:export', '#', 'admin', '2024-11-30 10:29:37', '', NULL, '');
INSERT INTO `sys_menu` VALUES (1035, '公告查询', 107, 1, '#', '', '', '', 1, 0, 'F', '0', '0', 'system:notice:query', '#', 'admin', '2024-11-30 10:29:37', '', NULL, '');
INSERT INTO `sys_menu` VALUES (1036, '公告新增', 107, 2, '#', '', '', '', 1, 0, 'F', '0', '0', 'system:notice:add', '#', 'admin', '2024-11-30 10:29:37', '', NULL, '');
INSERT INTO `sys_menu` VALUES (1037, '公告修改', 107, 3, '#', '', '', '', 1, 0, 'F', '0', '0', 'system:notice:edit', '#', 'admin', '2024-11-30 10:29:37', '', NULL, '');
INSERT INTO `sys_menu` VALUES (1038, '公告删除', 107, 4, '#', '', '', '', 1, 0, 'F', '0', '0', 'system:notice:remove', '#', 'admin', '2024-11-30 10:29:37', '', NULL, '');
INSERT INTO `sys_menu` VALUES (1039, '操作查询', 500, 1, '#', '', '', '', 1, 0, 'F', '0', '0', 'monitor:operlog:query', '#', 'admin', '2024-11-30 10:29:37', '', NULL, '');
INSERT INTO `sys_menu` VALUES (1040, '操作删除', 500, 2, '#', '', '', '', 1, 0, 'F', '0', '0', 'monitor:operlog:remove', '#', 'admin', '2024-11-30 10:29:37', '', NULL, '');
INSERT INTO `sys_menu` VALUES (1041, '日志导出', 500, 3, '#', '', '', '', 1, 0, 'F', '0', '0', 'monitor:operlog:export', '#', 'admin', '2024-11-30 10:29:37', '', NULL, '');
INSERT INTO `sys_menu` VALUES (1042, '登录查询', 501, 1, '#', '', '', '', 1, 0, 'F', '0', '0', 'monitor:logininfor:query', '#', 'admin', '2024-11-30 10:29:37', '', NULL, '');
INSERT INTO `sys_menu` VALUES (1043, '登录删除', 501, 2, '#', '', '', '', 1, 0, 'F', '0', '0', 'monitor:logininfor:remove', '#', 'admin', '2024-11-30 10:29:37', '', NULL, '');
INSERT INTO `sys_menu` VALUES (1044, '日志导出', 501, 3, '#', '', '', '', 1, 0, 'F', '0', '0', 'monitor:logininfor:export', '#', 'admin', '2024-11-30 10:29:37', '', NULL, '');
INSERT INTO `sys_menu` VALUES (1045, '账户解锁', 501, 4, '#', '', '', '', 1, 0, 'F', '0', '0', 'monitor:logininfor:unlock', '#', 'admin', '2024-11-30 10:29:37', '', NULL, '');
INSERT INTO `sys_menu` VALUES (1046, '在线查询', 109, 1, '#', '', '', '', 1, 0, 'F', '0', '0', 'monitor:online:query', '#', 'admin', '2024-11-30 10:29:37', '', NULL, '');
INSERT INTO `sys_menu` VALUES (1047, '批量强退', 109, 2, '#', '', '', '', 1, 0, 'F', '0', '0', 'monitor:online:batchLogout', '#', 'admin', '2024-11-30 10:29:37', '', NULL, '');
INSERT INTO `sys_menu` VALUES (1048, '单条强退', 109, 3, '#', '', '', '', 1, 0, 'F', '0', '0', 'monitor:online:forceLogout', '#', 'admin', '2024-11-30 10:29:37', '', NULL, '');
INSERT INTO `sys_menu` VALUES (1049, '任务查询', 110, 1, '#', '', '', '', 1, 0, 'F', '0', '0', 'monitor:job:query', '#', 'admin', '2024-11-30 10:29:37', '', NULL, '');
INSERT INTO `sys_menu` VALUES (1050, '任务新增', 110, 2, '#', '', '', '', 1, 0, 'F', '0', '0', 'monitor:job:add', '#', 'admin', '2024-11-30 10:29:37', '', NULL, '');
INSERT INTO `sys_menu` VALUES (1051, '任务修改', 110, 3, '#', '', '', '', 1, 0, 'F', '0', '0', 'monitor:job:edit', '#', 'admin', '2024-11-30 10:29:37', '', NULL, '');
INSERT INTO `sys_menu` VALUES (1052, '任务删除', 110, 4, '#', '', '', '', 1, 0, 'F', '0', '0', 'monitor:job:remove', '#', 'admin', '2024-11-30 10:29:37', '', NULL, '');
INSERT INTO `sys_menu` VALUES (1053, '状态修改', 110, 5, '#', '', '', '', 1, 0, 'F', '0', '0', 'monitor:job:changeStatus', '#', 'admin', '2024-11-30 10:29:37', '', NULL, '');
INSERT INTO `sys_menu` VALUES (1054, '任务导出', 110, 6, '#', '', '', '', 1, 0, 'F', '0', '0', 'monitor:job:export', '#', 'admin', '2024-11-30 10:29:37', '', NULL, '');
INSERT INTO `sys_menu` VALUES (1055, '生成查询', 116, 1, '#', '', '', '', 1, 0, 'F', '0', '0', 'tool:gen:query', '#', 'admin', '2024-11-30 10:29:37', '', NULL, '');
INSERT INTO `sys_menu` VALUES (1056, '生成修改', 116, 2, '#', '', '', '', 1, 0, 'F', '0', '0', 'tool:gen:edit', '#', 'admin', '2024-11-30 10:29:37', '', NULL, '');
INSERT INTO `sys_menu` VALUES (1057, '生成删除', 116, 3, '#', '', '', '', 1, 0, 'F', '0', '0', 'tool:gen:remove', '#', 'admin', '2024-11-30 10:29:37', '', NULL, '');
INSERT INTO `sys_menu` VALUES (1058, '导入代码', 116, 4, '#', '', '', '', 1, 0, 'F', '0', '0', 'tool:gen:import', '#', 'admin', '2024-11-30 10:29:37', '', NULL, '');
INSERT INTO `sys_menu` VALUES (1059, '预览代码', 116, 5, '#', '', '', '', 1, 0, 'F', '0', '0', 'tool:gen:preview', '#', 'admin', '2024-11-30 10:29:37', '', NULL, '');
INSERT INTO `sys_menu` VALUES (1060, '生成代码', 116, 6, '#', '', '', '', 1, 0, 'F', '0', '0', 'tool:gen:code', '#', 'admin', '2024-11-30 10:29:37', '', NULL, '');
INSERT INTO `sys_menu` VALUES (2000, '签证管理', 0, 1, 'visa', NULL, NULL, '', 1, 0, 'M', '0', '0', NULL, 'dict', 'admin', '2024-11-30 14:29:49', '', NULL, '');
INSERT INTO `sys_menu` VALUES (2001, '测试', 2000, 1, 'test/index', 'visa/test/index', NULL, '', 1, 0, 'C', '0', '0', '', '#', 'admin', '2024-11-30 14:30:31', 'admin', '2024-11-30 14:32:04', '');
INSERT INTO `sys_menu` VALUES (2002, '申请管理', 2000, 2, 'applicationMang', 'visa/application/index', NULL, '', 1, 0, 'C', '0', '0', '', 'excel', 'admin', '2024-11-30 22:40:29', 'admin', '2024-11-30 22:41:39', '');
INSERT INTO `sys_menu` VALUES (2003, '列表权限', 2002, 1, '', NULL, NULL, '', 1, 0, 'F', '0', '0', 'system:application:list', '#', 'admin', '2024-12-02 09:59:06', '', NULL, '');
INSERT INTO `sys_menu` VALUES (2004, '导出权限', 2002, 2, '', NULL, NULL, '', 1, 0, 'F', '0', '0', 'system:application:export', '#', 'admin', '2024-12-02 09:59:30', '', NULL, '');
INSERT INTO `sys_menu` VALUES (2005, '根据id获取', 2002, 3, '', NULL, NULL, '', 1, 0, 'F', '0', '0', 'system:application:query', '#', 'admin', '2024-12-02 09:59:51', '', NULL, '');
INSERT INTO `sys_menu` VALUES (2006, '添加', 2002, 4, '', NULL, NULL, '', 1, 0, 'F', '0', '0', 'system:application:add', '#', 'admin', '2024-12-02 10:00:15', '', NULL, '');
INSERT INTO `sys_menu` VALUES (2007, '编辑', 2002, 5, '', NULL, NULL, '', 1, 0, 'F', '0', '0', 'system:application:edit', '#', 'admin', '2024-12-02 10:00:34', '', NULL, '');
INSERT INTO `sys_menu` VALUES (2008, '删除', 2002, 6, '', NULL, NULL, '', 1, 0, 'F', '0', '0', 'system:application:remove', '#', 'admin', '2024-12-02 10:00:57', '', NULL, '');
INSERT INTO `sys_menu` VALUES (2009, '审核', 2002, 7, '', NULL, NULL, '', 1, 0, 'F', '0', '0', 'system:application:review', '#', 'admin', '2024-12-02 10:01:20', '', NULL, '');
INSERT INTO `sys_menu` VALUES (2010, '分配审核人员', 2002, 8, '', NULL, NULL, '', 1, 0, 'F', '0', '0', 'system:application:assign', '#', 'admin', '2024-12-02 10:01:43', '', NULL, '');
INSERT INTO `sys_menu` VALUES (2011, 'Appointment', 0, 1, 'appointment', NULL, NULL, '', 1, 0, 'M', '0', '0', '', 'date', 'admin', '2024-12-18 17:43:34', 'admin', '2024-12-18 17:43:54', '');
INSERT INTO `sys_menu` VALUES (2012, '预约', 2011, 1, 'Record', 'appointment/Record', NULL, '', 1, 0, 'C', '0', '0', NULL, '#', 'admin', '2024-12-18 19:03:45', '', NULL, '');
INSERT INTO `sys_menu` VALUES (2013, 'Activity list', 2011, 1, 'activity', 'activity_check/activity/index', NULL, '', 1, 0, 'C', '0', '0', 'activity_check:activity:list', '#', 'admin', '2025-01-05 05:41:48', '', NULL, 'Activity list菜单');
INSERT INTO `sys_menu` VALUES (2014, 'Activity list查询', 2013, 1, '#', '', NULL, '', 1, 0, 'F', '0', '0', 'activity_check:activity:query', '#', 'admin', '2025-01-05 05:41:48', '', NULL, '');
INSERT INTO `sys_menu` VALUES (2015, 'Activity list新增', 2013, 2, '#', '', NULL, '', 1, 0, 'F', '0', '0', 'activity_check:activity:add', '#', 'admin', '2025-01-05 05:41:48', '', NULL, '');
INSERT INTO `sys_menu` VALUES (2016, 'Activity list修改', 2013, 3, '#', '', NULL, '', 1, 0, 'F', '0', '0', 'activity_check:activity:edit', '#', 'admin', '2025-01-05 05:41:48', '', NULL, '');
INSERT INTO `sys_menu` VALUES (2017, 'Activity list删除', 2013, 4, '#', '', NULL, '', 1, 0, 'F', '0', '0', 'activity_check:activity:remove', '#', 'admin', '2025-01-05 05:41:48', '', NULL, '');
INSERT INTO `sys_menu` VALUES (2018, 'Activity list导出', 2013, 5, '#', '', NULL, '', 1, 0, 'F', '0', '0', 'activity_check:activity:export', '#', 'admin', '2025-01-05 05:41:48', '', NULL, '');
INSERT INTO `sys_menu` VALUES (2019, 'Appointment list', 2011, 1, 'appointment_record', 'appointment_record/appointment_record/index', NULL, '', 1, 0, 'C', '0', '0', 'appointment_record:appointment_record:list', '#', 'admin', '2025-01-07 02:11:37', '', NULL, 'Appointment list菜单');
INSERT INTO `sys_menu` VALUES (2020, 'Appointment list查询', 2019, 1, '#', '', NULL, '', 1, 0, 'F', '0', '0', 'appointment_record:appointment_record:query', '#', 'admin', '2025-01-07 02:11:37', '', NULL, '');
INSERT INTO `sys_menu` VALUES (2021, 'Appointment list新增', 2019, 2, '#', '', NULL, '', 1, 0, 'F', '0', '0', 'appointment_record:appointment_record:add', '#', 'admin', '2025-01-07 02:11:37', '', NULL, '');
INSERT INTO `sys_menu` VALUES (2022, 'Appointment list修改', 2019, 3, '#', '', NULL, '', 1, 0, 'F', '0', '0', 'appointment_record:appointment_record:edit', '#', 'admin', '2025-01-07 02:11:37', '', NULL, '');
INSERT INTO `sys_menu` VALUES (2023, 'Appointment list删除', 2019, 4, '#', '', NULL, '', 1, 0, 'F', '0', '0', 'appointment_record:appointment_record:remove', '#', 'admin', '2025-01-07 02:11:37', '', NULL, '');
INSERT INTO `sys_menu` VALUES (2024, 'Appointment list导出', 2019, 5, '#', '', NULL, '', 1, 0, 'F', '0', '0', 'appointment_record:appointment_record:export', '#', 'admin', '2025-01-07 02:11:37', '', NULL, '');
INSERT INTO `sys_menu` VALUES (2025, 'File submission', 0, 2, 'submission', NULL, NULL, '', 1, 0, 'M', '0', '0', NULL, 'documentation', 'admin', '2025-01-16 03:32:04', '', NULL, '');
INSERT INTO `sys_menu` VALUES (2026, 'Submission Status', 2025, 1, 'file_submit', 'file_submit/file_submit/index', NULL, '', 1, 0, 'C', '0', '0', 'file_submit:file_submit:list', '#', 'admin', '2025-01-16 03:37:18', 'admin', '2025-01-16 03:38:14', 'File Submission Status Table菜单');
INSERT INTO `sys_menu` VALUES (2027, 'File Submission Status Table查询', 2026, 1, '#', '', NULL, '', 1, 0, 'F', '0', '0', 'file_submit:file_submit:query', '#', 'admin', '2025-01-16 03:37:18', '', NULL, '');
INSERT INTO `sys_menu` VALUES (2028, 'File Submission Status Table新增', 2026, 2, '#', '', NULL, '', 1, 0, 'F', '0', '0', 'file_submit:file_submit:add', '#', 'admin', '2025-01-16 03:37:18', '', NULL, '');
INSERT INTO `sys_menu` VALUES (2029, 'File Submission Status Table修改', 2026, 3, '#', '', NULL, '', 1, 0, 'F', '0', '0', 'file_submit:file_submit:edit', '#', 'admin', '2025-01-16 03:37:18', '', NULL, '');
INSERT INTO `sys_menu` VALUES (2030, 'File Submission Status Table删除', 2026, 4, '#', '', NULL, '', 1, 0, 'F', '0', '0', 'file_submit:file_submit:remove', '#', 'admin', '2025-01-16 03:37:18', '', NULL, '');
INSERT INTO `sys_menu` VALUES (2031, 'File Submission Status Table导出', 2026, 5, '#', '', NULL, '', 1, 0, 'F', '0', '0', 'file_submit:file_submit:export', '#', 'admin', '2025-01-16 03:37:18', '', NULL, '');
INSERT INTO `sys_menu` VALUES (2032, 'Submission QR', 2025, 2, 'QR_submit', 'file_submit/file_submit/QR', NULL, '', 1, 0, 'C', '0', '0', 'file_submit:file_submit:list', '#', 'admin', '2025-01-16 03:51:25', '', NULL, '');

-- ----------------------------
-- Table structure for sys_notice
-- ----------------------------
DROP TABLE IF EXISTS `sys_notice`;
CREATE TABLE `sys_notice`  (
  `notice_id` int NOT NULL AUTO_INCREMENT COMMENT '公告ID',
  `notice_title` varchar(50) CHARACTER SET utf8mb4 COLLATE utf8mb4_general_ci NOT NULL COMMENT '公告标题',
  `notice_type` char(1) CHARACTER SET utf8mb4 COLLATE utf8mb4_general_ci NOT NULL COMMENT '公告类型（1通知 2公告）',
  `notice_content` longblob NULL COMMENT '公告内容',
  `status` char(1) CHARACTER SET utf8mb4 COLLATE utf8mb4_general_ci NULL DEFAULT '0' COMMENT '公告状态（0正常 1关闭）',
  `create_by` varchar(64) CHARACTER SET utf8mb4 COLLATE utf8mb4_general_ci NULL DEFAULT '' COMMENT '创建者',
  `create_time` datetime NULL DEFAULT NULL COMMENT '创建时间',
  `update_by` varchar(64) CHARACTER SET utf8mb4 COLLATE utf8mb4_general_ci NULL DEFAULT '' COMMENT '更新者',
  `update_time` datetime NULL DEFAULT NULL COMMENT '更新时间',
  `remark` varchar(255) CHARACTER SET utf8mb4 COLLATE utf8mb4_general_ci NULL DEFAULT NULL COMMENT '备注',
  PRIMARY KEY (`notice_id`) USING BTREE
) ENGINE = InnoDB AUTO_INCREMENT = 3 CHARACTER SET = utf8mb4 COLLATE = utf8mb4_general_ci COMMENT = '通知公告表' ROW_FORMAT = DYNAMIC;

-- ----------------------------
-- Records of sys_notice
-- ----------------------------
INSERT INTO `sys_notice` VALUES (1, '温馨提醒：2018-07-01 若依新版本发布啦', '2', 0xE696B0E78988E69CACE58685E5AEB9, '0', 'admin', '2024-11-30 10:29:37', '', NULL, '管理员');
INSERT INTO `sys_notice` VALUES (2, '维护通知：2018-07-01 若依系统凌晨维护', '1', 0xE7BBB4E68AA4E58685E5AEB9, '0', 'admin', '2024-11-30 10:29:37', '', NULL, '管理员');

-- ----------------------------
-- Table structure for sys_oper_log
-- ----------------------------
DROP TABLE IF EXISTS `sys_oper_log`;
CREATE TABLE `sys_oper_log`  (
  `oper_id` bigint NOT NULL AUTO_INCREMENT COMMENT '日志主键',
  `title` varchar(50) CHARACTER SET utf8mb4 COLLATE utf8mb4_general_ci NULL DEFAULT '' COMMENT '模块标题',
  `business_type` int NULL DEFAULT 0 COMMENT '业务类型（0其它 1新增 2修改 3删除）',
  `method` varchar(200) CHARACTER SET utf8mb4 COLLATE utf8mb4_general_ci NULL DEFAULT '' COMMENT '方法名称',
  `request_method` varchar(10) CHARACTER SET utf8mb4 COLLATE utf8mb4_general_ci NULL DEFAULT '' COMMENT '请求方式',
  `operator_type` int NULL DEFAULT 0 COMMENT '操作类别（0其它 1后台用户 2手机端用户）',
  `oper_name` varchar(50) CHARACTER SET utf8mb4 COLLATE utf8mb4_general_ci NULL DEFAULT '' COMMENT '操作人员',
  `dept_name` varchar(50) CHARACTER SET utf8mb4 COLLATE utf8mb4_general_ci NULL DEFAULT '' COMMENT '部门名称',
  `oper_url` varchar(255) CHARACTER SET utf8mb4 COLLATE utf8mb4_general_ci NULL DEFAULT '' COMMENT '请求URL',
  `oper_ip` varchar(128) CHARACTER SET utf8mb4 COLLATE utf8mb4_general_ci NULL DEFAULT '' COMMENT '主机地址',
  `oper_location` varchar(255) CHARACTER SET utf8mb4 COLLATE utf8mb4_general_ci NULL DEFAULT '' COMMENT '操作地点',
  `oper_param` varchar(2000) CHARACTER SET utf8mb4 COLLATE utf8mb4_general_ci NULL DEFAULT '' COMMENT '请求参数',
  `json_result` varchar(2000) CHARACTER SET utf8mb4 COLLATE utf8mb4_general_ci NULL DEFAULT '' COMMENT '返回参数',
  `status` int NULL DEFAULT 0 COMMENT '操作状态（0正常 1异常）',
  `error_msg` varchar(2000) CHARACTER SET utf8mb4 COLLATE utf8mb4_general_ci NULL DEFAULT '' COMMENT '错误消息',
  `oper_time` datetime NULL DEFAULT NULL COMMENT '操作时间',
  `cost_time` bigint NULL DEFAULT 0 COMMENT '消耗时间',
  PRIMARY KEY (`oper_id`) USING BTREE,
  INDEX `idx_sys_oper_log_bt`(`business_type` ASC) USING BTREE,
  INDEX `idx_sys_oper_log_s`(`status` ASC) USING BTREE,
  INDEX `idx_sys_oper_log_ot`(`oper_time` ASC) USING BTREE
) ENGINE = InnoDB AUTO_INCREMENT = 327 CHARACTER SET = utf8mb4 COLLATE = utf8mb4_general_ci COMMENT = '操作日志记录' ROW_FORMAT = DYNAMIC;

-- ----------------------------
-- Records of sys_oper_log
-- ----------------------------
INSERT INTO `sys_oper_log` VALUES (100, '菜单管理', 1, 'com.ruoyi.web.controller.system.SysMenuController.add()', 'POST', 1, 'admin', '研发部门', '/system/menu', '127.0.0.1', '内网IP', '{\"children\":[],\"createBy\":\"admin\",\"icon\":\"dict\",\"isCache\":\"0\",\"isFrame\":\"1\",\"menuName\":\"签证管理\",\"menuType\":\"M\",\"orderNum\":1,\"params\":{},\"parentId\":0,\"path\":\"visa\",\"status\":\"0\",\"visible\":\"0\"}', '{\"msg\":\"操作成功\",\"code\":200}', 0, NULL, '2024-11-30 14:29:49', 25);
INSERT INTO `sys_oper_log` VALUES (101, '菜单管理', 1, 'com.ruoyi.web.controller.system.SysMenuController.add()', 'POST', 1, 'admin', '研发部门', '/system/menu', '127.0.0.1', '内网IP', '{\"children\":[],\"createBy\":\"admin\",\"isCache\":\"0\",\"isFrame\":\"1\",\"menuName\":\"测试\",\"menuType\":\"C\",\"orderNum\":1,\"params\":{},\"parentId\":2000,\"path\":\"views/visa/test/index\",\"status\":\"0\",\"visible\":\"0\"}', '{\"msg\":\"操作成功\",\"code\":200}', 0, NULL, '2024-11-30 14:30:31', 11);
INSERT INTO `sys_oper_log` VALUES (102, '菜单管理', 2, 'com.ruoyi.web.controller.system.SysMenuController.edit()', 'PUT', 1, 'admin', '研发部门', '/system/menu', '127.0.0.1', '内网IP', '{\"children\":[],\"component\":\"views/visa/test/index.vue\",\"createTime\":\"2024-11-30 14:30:31\",\"icon\":\"#\",\"isCache\":\"0\",\"isFrame\":\"1\",\"menuId\":2001,\"menuName\":\"测试\",\"menuType\":\"C\",\"orderNum\":1,\"params\":{},\"parentId\":2000,\"path\":\"test/index\",\"perms\":\"\",\"routeName\":\"\",\"status\":\"0\",\"updateBy\":\"admin\",\"visible\":\"0\"}', '{\"msg\":\"操作成功\",\"code\":200}', 0, NULL, '2024-11-30 14:31:10', 14);
INSERT INTO `sys_oper_log` VALUES (103, '菜单管理', 2, 'com.ruoyi.web.controller.system.SysMenuController.edit()', 'PUT', 1, 'admin', '研发部门', '/system/menu', '127.0.0.1', '内网IP', '{\"children\":[],\"component\":\"visa/test/index.vue\",\"createTime\":\"2024-11-30 14:30:31\",\"icon\":\"#\",\"isCache\":\"0\",\"isFrame\":\"1\",\"menuId\":2001,\"menuName\":\"测试\",\"menuType\":\"C\",\"orderNum\":1,\"params\":{},\"parentId\":2000,\"path\":\"test/index\",\"perms\":\"\",\"routeName\":\"\",\"status\":\"0\",\"updateBy\":\"admin\",\"visible\":\"0\"}', '{\"msg\":\"操作成功\",\"code\":200}', 0, NULL, '2024-11-30 14:31:59', 11);
INSERT INTO `sys_oper_log` VALUES (104, '菜单管理', 2, 'com.ruoyi.web.controller.system.SysMenuController.edit()', 'PUT', 1, 'admin', '研发部门', '/system/menu', '127.0.0.1', '内网IP', '{\"children\":[],\"component\":\"visa/test/index\",\"createTime\":\"2024-11-30 14:30:31\",\"icon\":\"#\",\"isCache\":\"0\",\"isFrame\":\"1\",\"menuId\":2001,\"menuName\":\"测试\",\"menuType\":\"C\",\"orderNum\":1,\"params\":{},\"parentId\":2000,\"path\":\"test/index\",\"perms\":\"\",\"routeName\":\"\",\"status\":\"0\",\"updateBy\":\"admin\",\"visible\":\"0\"}', '{\"msg\":\"操作成功\",\"code\":200}', 0, NULL, '2024-11-30 14:32:04', 12);
INSERT INTO `sys_oper_log` VALUES (105, '创建表', 0, 'com.ruoyi.generator.controller.GenController.createTableSave()', 'POST', 1, 'admin', '研发部门', '/tool/gen/createTable', '127.0.0.1', '内网IP', '{\"sql\":\"CREATE TABLE `visa_application` (\\n  `id` bigint(20) NOT NULL AUTO_INCREMENT COMMENT \'Primary Key\',\\n  `applicant_id` bigint(20) NOT NULL COMMENT \'Applicant ID\',\\n  `name` varchar(100) NOT NULL COMMENT \'Name as in Passport MRZ format\',\\n  `matric_number` varchar(50) NOT NULL COMMENT \'Matric Number\',\\n  `passport_number` varchar(50) NOT NULL COMMENT \'Passport Number\',\\n  `email` varchar(100) NOT NULL COMMENT \'Email Address\',\\n  `malaysia_address` text NOT NULL COMMENT \'Full Address in Malaysia\',\\n  `overseas_address` text NOT NULL COMMENT \'Full Address Overseas\',\\n  `course_level` varchar(50) NOT NULL COMMENT \'Course Level\',\\n  `nationality` varchar(50) NOT NULL COMMENT \'Nationality\',\\n  `mobile_number` varchar(50) NOT NULL COMMENT \'Mobile Number (WhatsApp)\',\\n  `application_location` varchar(50) NOT NULL COMMENT \'Location when applying\',\\n  `course_name` varchar(200) NOT NULL COMMENT \'Course Name\',\\n  `faculty_name` varchar(200) NOT NULL COMMENT \'Faculty/Institute/School Name\',\\n  `supervisor_name` varchar(100) NOT NULL COMMENT \'Supervisor/Advisor Name\',\\n  `sponsorship_status` varchar(50) COMMENT \'Sponsorship status\',\\n  `study_status` varchar(50) NOT NULL COMMENT \'Study Status (Current semester)\',\\n  `marital_status` varchar(20) NOT NULL COMMENT \'Marital Status\',\\n  `date_of_birth` date NOT NULL COMMENT \'Date of Birth\',\\n  `current_pass_validity` date NOT NULL COMMENT \'Validity Date of Current Pass\',\\n  `travel_document_issue_date` date NOT NULL COMMENT \'Travel Document Issued Date\',\\n  `travel_document_expiry_date` date NOT NULL COMMENT \'Travel Document Valid Until\',\\n  `last_entry_date` date NOT NULL COMMENT \'Latest date enter Malaysia\',\\n  `travel_document_type` varchar(50) NOT NULL COMMENT \'Travel Document (Passport) Type\',\\n  `current_pass_type` varchar(50) NOT NULL COMMENT \'Type of Current Pass\',\\n  `insurance_company` varchar(100) COMMENT \'Insurance Cover Note Company\',\\n  `status` varchar(20) NOT NULL DEFAULT \'DRAFT\' COMMENT \'Application Status: DR', '{\"msg\":\"创建表结构异常\",\"code\":500}', 0, NULL, '2024-11-30 22:25:19', 18);
INSERT INTO `sys_oper_log` VALUES (106, '创建表', 0, 'com.ruoyi.generator.controller.GenController.createTableSave()', 'POST', 1, 'admin', '研发部门', '/tool/gen/createTable', '127.0.0.1', '内网IP', '{\"sql\":\"CREATE TABLE `visa_application` (\\n  `id` bigint(20) NOT NULL AUTO_INCREMENT COMMENT \'Primary Key\',\\n  `applicant_id` bigint(20) NOT NULL COMMENT \'Applicant ID\',\\n  `name` varchar(100) NOT NULL COMMENT \'Name as in Passport MRZ format\',\\n  `matric_number` varchar(50) NOT NULL COMMENT \'Matric Number\',\\n  `passport_number` varchar(50) NOT NULL COMMENT \'Passport Number\',\\n  `email` varchar(100) NOT NULL COMMENT \'Email Address\',\\n  `malaysia_address` text NOT NULL COMMENT \'Full Address in Malaysia\',\\n  `overseas_address` text NOT NULL COMMENT \'Full Address Overseas\',\\n  `course_level` varchar(50) NOT NULL COMMENT \'Course Level\',\\n  `nationality` varchar(50) NOT NULL COMMENT \'Nationality\',\\n  `mobile_number` varchar(50) NOT NULL COMMENT \'Mobile Number (WhatsApp)\',\\n  `application_location` varchar(50) NOT NULL COMMENT \'Location when applying\',\\n  `course_name` varchar(200) NOT NULL COMMENT \'Course Name\',\\n  `faculty_name` varchar(200) NOT NULL COMMENT \'Faculty/Institute/School Name\',\\n  `supervisor_name` varchar(100) NOT NULL COMMENT \'Supervisor/Advisor Name\',\\n  `sponsorship_status` varchar(50) COMMENT \'Sponsorship status\',\\n  `study_status` varchar(50) NOT NULL COMMENT \'Study Status (Current semester)\',\\n  `marital_status` varchar(20) NOT NULL COMMENT \'Marital Status\',\\n  `date_of_birth` date NOT NULL COMMENT \'Date of Birth\',\\n  `current_pass_validity` date NOT NULL COMMENT \'Validity Date of Current Pass\',\\n  `travel_document_issue_date` date NOT NULL COMMENT \'Travel Document Issued Date\',\\n  `travel_document_expiry_date` date NOT NULL COMMENT \'Travel Document Valid Until\',\\n  `last_entry_date` date NOT NULL COMMENT \'Latest date enter Malaysia\',\\n  `travel_document_type` varchar(50) NOT NULL COMMENT \'Travel Document (Passport) Type\',\\n  `current_pass_type` varchar(50) NOT NULL COMMENT \'Type of Current Pass\',\\n  `insurance_company` varchar(100) COMMENT \'Insurance Cover Note Company\',\\n  `status` varchar(20) NOT NULL DEFAULT \'DRAFT\' COMMENT \'Application Status: DR', '{\"msg\":\"创建表结构异常\",\"code\":500}', 0, NULL, '2024-11-30 22:25:39', 4);
INSERT INTO `sys_oper_log` VALUES (107, '创建表', 0, 'com.ruoyi.generator.controller.GenController.createTableSave()', 'POST', 1, 'admin', '研发部门', '/tool/gen/createTable', '127.0.0.1', '内网IP', '{\"sql\":\"CREATE TABLE `visa_application` (\\n  `id` bigint(20) NOT NULL AUTO_INCREMENT COMMENT \'Primary Key\',\\n  `applicant_id` bigint(20) NOT NULL COMMENT \'Applicant ID\',\\n  `name` varchar(100) NOT NULL COMMENT \'Name as in Passport MRZ format\',\\n  `matric_number` varchar(50) NOT NULL COMMENT \'Matric Number\',\\n  `passport_number` varchar(50) NOT NULL COMMENT \'Passport Number\',\\n  `email` varchar(100) NOT NULL COMMENT \'Email Address\',\\n  `malaysia_address` text NOT NULL COMMENT \'Full Address in Malaysia\',\\n  `overseas_address` text NOT NULL COMMENT \'Full Address Overseas\',\\n  `course_level` varchar(50) NOT NULL COMMENT \'Course Level\',\\n  `nationality` varchar(50) NOT NULL COMMENT \'Nationality\',\\n  `mobile_number` varchar(50) NOT NULL COMMENT \'Mobile Number (WhatsApp)\',\\n  `application_location` varchar(50) NOT NULL COMMENT \'Location when applying\',\\n  `course_name` varchar(200) NOT NULL COMMENT \'Course Name\',\\n  `faculty_name` varchar(200) NOT NULL COMMENT \'Faculty/Institute/School Name\',\\n  `supervisor_name` varchar(100) NOT NULL COMMENT \'Supervisor/Advisor Name\',\\n  `sponsorship_status` varchar(50) COMMENT \'Sponsorship status\',\\n  `study_status` varchar(50) NOT NULL COMMENT \'Study Status (Current semester)\',\\n  `marital_status` varchar(20) NOT NULL COMMENT \'Marital Status\',\\n  `date_of_birth` date NOT NULL COMMENT \'Date of Birth\',\\n  `current_pass_validity` date NOT NULL COMMENT \'Validity Date of Current Pass\',\\n  `travel_document_issue_date` date NOT NULL COMMENT \'Travel Document Issued Date\',\\n  `travel_document_expiry_date` date NOT NULL COMMENT \'Travel Document Valid Until\',\\n  `last_entry_date` date NOT NULL COMMENT \'Latest date enter Malaysia\',\\n  `travel_document_type` varchar(50) NOT NULL COMMENT \'Travel Document (Passport) Type\',\\n  `current_pass_type` varchar(50) NOT NULL COMMENT \'Type of Current Pass\',\\n  `insurance_company` varchar(100) COMMENT \'Insurance Cover Note Company\',\\n  `status` varchar(20) NOT NULL DEFAULT \'DRAFT\' COMMENT \'Application Status: DR', '{\"msg\":\"创建表结构异常\",\"code\":500}', 0, NULL, '2024-11-30 22:25:55', 2);
INSERT INTO `sys_oper_log` VALUES (108, '创建表', 0, 'com.ruoyi.generator.controller.GenController.createTableSave()', 'POST', 1, 'admin', '研发部门', '/tool/gen/createTable', '127.0.0.1', '内网IP', '{\"sql\":\"CREATE TABLE `visa_application` (\\n  `id` bigint(20) NOT NULL AUTO_INCREMENT COMMENT \'Primary Key\',\\n  `applicant_id` bigint(20) NOT NULL COMMENT \'Applicant ID\',\\n  `name` varchar(100) NOT NULL COMMENT \'Name as in Passport MRZ format\',\\n  `matric_number` varchar(50) NOT NULL COMMENT \'Matric Number\',\\n  `passport_number` varchar(50) NOT NULL COMMENT \'Passport Number\',\\n  `email` varchar(100) NOT NULL COMMENT \'Email Address\',\\n  `malaysia_address` text NOT NULL COMMENT \'Full Address in Malaysia\',\\n  `overseas_address` text NOT NULL COMMENT \'Full Address Overseas\',\\n  `course_level` varchar(50) NOT NULL COMMENT \'Course Level\',\\n  `nationality` varchar(50) NOT NULL COMMENT \'Nationality\',\\n  `mobile_number` varchar(50) NOT NULL COMMENT \'Mobile Number (WhatsApp)\',\\n  `application_location` varchar(50) NOT NULL COMMENT \'Location when applying\',\\n  `course_name` varchar(200) NOT NULL COMMENT \'Course Name\',\\n  `faculty_name` varchar(200) NOT NULL COMMENT \'Faculty/Institute/School Name\',\\n  `supervisor_name` varchar(100) NOT NULL COMMENT \'Supervisor/Advisor Name\',\\n  `sponsorship_status` varchar(50) COMMENT \'Sponsorship status\',\\n  `study_status` varchar(50) NOT NULL COMMENT \'Study Status (Current semester)\',\\n  `marital_status` varchar(20) NOT NULL COMMENT \'Marital Status\',\\n  `date_of_birth` date NOT NULL COMMENT \'Date of Birth\',\\n  `current_pass_validity` date NOT NULL COMMENT \'Validity Date of Current Pass\',\\n  `travel_document_issue_date` date NOT NULL COMMENT \'Travel Document Issued Date\',\\n  `travel_document_expiry_date` date NOT NULL COMMENT \'Travel Document Valid Until\',\\n  `last_entry_date` date NOT NULL COMMENT \'Latest date enter Malaysia\',\\n  `travel_document_type` varchar(50) NOT NULL COMMENT \'Travel Document (Passport) Type\',\\n  `current_pass_type` varchar(50) NOT NULL COMMENT \'Type of Current Pass\',\\n  `insurance_company` varchar(100) COMMENT \'Insurance Cover Note Company\',\\n  `status` varchar(20) NOT NULL DEFAULT \'DRAFT\' COMMENT \'Application Status: DR', '{\"msg\":\"创建表结构异常\",\"code\":500}', 0, NULL, '2024-11-30 22:26:18', 2);
INSERT INTO `sys_oper_log` VALUES (109, '创建表', 0, 'com.ruoyi.generator.controller.GenController.createTableSave()', 'POST', 1, 'admin', '研发部门', '/tool/gen/createTable', '127.0.0.1', '内网IP', '{\"sql\":\"CREATE TABLE `visa_application` (\\n  `id` bigint(20) NOT NULL AUTO_INCREMENT COMMENT \'Primary Key\',\\n  `applicant_id` bigint(20) NOT NULL COMMENT \'Applicant ID\',\\n  `name` varchar(100) NOT NULL COMMENT \'Name as in Passport MRZ format\',\\n  `matric_number` varchar(50) NOT NULL COMMENT \'Matric Number\',\\n  `passport_number` varchar(50) NOT NULL COMMENT \'Passport Number\',\\n  `email` varchar(100) NOT NULL COMMENT \'Email Address\',\\n  `malaysia_address` text NOT NULL COMMENT \'Full Address in Malaysia\',\\n  `overseas_address` text NOT NULL COMMENT \'Full Address Overseas\',\\n  `course_level` varchar(50) NOT NULL COMMENT \'Course Level\',\\n  `nationality` varchar(50) NOT NULL COMMENT \'Nationality\',\\n  `mobile_number` varchar(50) NOT NULL COMMENT \'Mobile Number (WhatsApp)\',\\n  `application_location` varchar(50) NOT NULL COMMENT \'Location when applying\',\\n  `course_name` varchar(200) NOT NULL COMMENT \'Course Name\',\\n  `faculty_name` varchar(200) NOT NULL COMMENT \'Faculty/Institute/School Name\',\\n  `supervisor_name` varchar(100) NOT NULL COMMENT \'Supervisor/Advisor Name\',\\n  `sponsorship_status` varchar(50) COMMENT \'Sponsorship status\',\\n  `study_status` varchar(50) NOT NULL COMMENT \'Study Status (Current semester)\',\\n  `marital_status` varchar(20) NOT NULL COMMENT \'Marital Status\',\\n  `date_of_birth` date NOT NULL COMMENT \'Date of Birth\',\\n  `current_pass_validity` date NOT NULL COMMENT \'Validity Date of Current Pass\',\\n  `travel_document_issue_date` date NOT NULL COMMENT \'Travel Document Issued Date\',\\n  `travel_document_expiry_date` date NOT NULL COMMENT \'Travel Document Valid Until\',\\n  `last_entry_date` date NOT NULL COMMENT \'Latest date enter Malaysia\',\\n  `travel_document_type` varchar(50) NOT NULL COMMENT \'Travel Document (Passport) Type\',\\n  `current_pass_type` varchar(50) NOT NULL COMMENT \'Type of Current Pass\',\\n  `insurance_company` varchar(100) COMMENT \'Insurance Cover Note Company\',\\n  `status` varchar(20) NOT NULL DEFAULT \'DRAFT\' COMMENT \'Application Status: DR', '{\"msg\":\"操作成功\",\"code\":200}', 0, NULL, '2024-11-30 22:27:06', 282);
INSERT INTO `sys_oper_log` VALUES (110, '代码生成', 8, 'com.ruoyi.generator.controller.GenController.batchGenCode()', 'GET', 1, 'admin', '研发部门', '/tool/gen/batchGenCode', '127.0.0.1', '内网IP', '{\"tables\":\"visa_application\"}', NULL, 0, NULL, '2024-11-30 22:27:15', 337);
INSERT INTO `sys_oper_log` VALUES (111, '代码生成', 2, 'com.ruoyi.generator.controller.GenController.editSave()', 'PUT', 1, 'admin', '研发部门', '/tool/gen', '127.0.0.1', '内网IP', '{\"businessName\":\"application\",\"className\":\"VisaApplication\",\"columns\":[{\"capJavaField\":\"Id\",\"columnComment\":\"Primary Key\",\"columnId\":1,\"columnName\":\"id\",\"columnType\":\"bigint(20)\",\"createBy\":\"admin\",\"createTime\":\"2024-11-30 22:27:06\",\"dictType\":\"\",\"edit\":false,\"htmlType\":\"input\",\"increment\":true,\"insert\":true,\"isIncrement\":\"1\",\"isInsert\":\"1\",\"isPk\":\"1\",\"isRequired\":\"0\",\"javaField\":\"id\",\"javaType\":\"Long\",\"list\":false,\"params\":{},\"pk\":true,\"query\":false,\"queryType\":\"EQ\",\"required\":false,\"sort\":1,\"superColumn\":false,\"tableId\":1,\"updateBy\":\"\",\"usableColumn\":false},{\"capJavaField\":\"ApplicantId\",\"columnComment\":\"Applicant ID\",\"columnId\":2,\"columnName\":\"applicant_id\",\"columnType\":\"bigint(20)\",\"createBy\":\"admin\",\"createTime\":\"2024-11-30 22:27:06\",\"dictType\":\"\",\"edit\":true,\"htmlType\":\"input\",\"increment\":false,\"insert\":true,\"isEdit\":\"1\",\"isIncrement\":\"0\",\"isInsert\":\"1\",\"isList\":\"1\",\"isPk\":\"0\",\"isQuery\":\"1\",\"isRequired\":\"1\",\"javaField\":\"applicantId\",\"javaType\":\"Long\",\"list\":true,\"params\":{},\"pk\":false,\"query\":true,\"queryType\":\"EQ\",\"required\":true,\"sort\":2,\"superColumn\":false,\"tableId\":1,\"updateBy\":\"\",\"usableColumn\":false},{\"capJavaField\":\"Name\",\"columnComment\":\"Name as in Passport MRZ format\",\"columnId\":3,\"columnName\":\"name\",\"columnType\":\"varchar(100)\",\"createBy\":\"admin\",\"createTime\":\"2024-11-30 22:27:06\",\"dictType\":\"\",\"edit\":true,\"htmlType\":\"input\",\"increment\":false,\"insert\":true,\"isEdit\":\"1\",\"isIncrement\":\"0\",\"isInsert\":\"1\",\"isList\":\"1\",\"isPk\":\"0\",\"isQuery\":\"1\",\"isRequired\":\"1\",\"javaField\":\"name\",\"javaType\":\"String\",\"list\":true,\"params\":{},\"pk\":false,\"query\":true,\"queryType\":\"LIKE\",\"required\":true,\"sort\":3,\"superColumn\":false,\"tableId\":1,\"updateBy\":\"\",\"usableColumn\":false},{\"capJavaField\":\"MatricNumber\",\"columnComment\":\"Matric Number\",\"columnId\":4,\"columnName\":\"matric_number\",\"columnType\":\"varchar(50)\",\"createBy\":\"admin\",\"createTime\":\"2024-11-30 22:27:06\",\"dictType\":\"\",\"edit\":true,\"htmlType\":\"input\",\"increment\":false,\"insert\":true,\"isEdit\":\"1\",\"isIncrement\":\"0\",\"isInsert\":\"1\"', '{\"msg\":\"操作成功\",\"code\":200}', 0, NULL, '2024-11-30 22:29:07', 113);
INSERT INTO `sys_oper_log` VALUES (112, '代码生成', 2, 'com.ruoyi.generator.controller.GenController.editSave()', 'PUT', 1, 'admin', '研发部门', '/tool/gen', '127.0.0.1', '内网IP', '{\"businessName\":\"files\",\"className\":\"VisaApplicationFiles\",\"columns\":[{\"capJavaField\":\"Id\",\"columnComment\":\"Primary Key\",\"columnId\":32,\"columnName\":\"id\",\"columnType\":\"bigint(20)\",\"createBy\":\"admin\",\"createTime\":\"2024-11-30 22:27:06\",\"dictType\":\"\",\"edit\":false,\"htmlType\":\"input\",\"increment\":true,\"insert\":true,\"isIncrement\":\"1\",\"isInsert\":\"1\",\"isPk\":\"1\",\"isRequired\":\"0\",\"javaField\":\"id\",\"javaType\":\"Long\",\"list\":false,\"params\":{},\"pk\":true,\"query\":false,\"queryType\":\"EQ\",\"required\":false,\"sort\":1,\"superColumn\":false,\"tableId\":2,\"updateBy\":\"\",\"usableColumn\":false},{\"capJavaField\":\"ApplicationId\",\"columnComment\":\"Related Application ID\",\"columnId\":33,\"columnName\":\"application_id\",\"columnType\":\"bigint(20)\",\"createBy\":\"admin\",\"createTime\":\"2024-11-30 22:27:06\",\"dictType\":\"\",\"edit\":true,\"htmlType\":\"input\",\"increment\":false,\"insert\":true,\"isEdit\":\"1\",\"isIncrement\":\"0\",\"isInsert\":\"1\",\"isList\":\"1\",\"isPk\":\"0\",\"isQuery\":\"1\",\"isRequired\":\"1\",\"javaField\":\"applicationId\",\"javaType\":\"Long\",\"list\":true,\"params\":{},\"pk\":false,\"query\":true,\"queryType\":\"EQ\",\"required\":true,\"sort\":2,\"superColumn\":false,\"tableId\":2,\"updateBy\":\"\",\"usableColumn\":false},{\"capJavaField\":\"FileType\",\"columnComment\":\"File Type\",\"columnId\":34,\"columnName\":\"file_type\",\"columnType\":\"varchar(50)\",\"createBy\":\"admin\",\"createTime\":\"2024-11-30 22:27:06\",\"dictType\":\"\",\"edit\":true,\"htmlType\":\"select\",\"increment\":false,\"insert\":true,\"isEdit\":\"1\",\"isIncrement\":\"0\",\"isInsert\":\"1\",\"isList\":\"1\",\"isPk\":\"0\",\"isQuery\":\"1\",\"isRequired\":\"1\",\"javaField\":\"fileType\",\"javaType\":\"String\",\"list\":true,\"params\":{},\"pk\":false,\"query\":true,\"queryType\":\"EQ\",\"required\":true,\"sort\":3,\"superColumn\":false,\"tableId\":2,\"updateBy\":\"\",\"usableColumn\":false},{\"capJavaField\":\"FilePath\",\"columnComment\":\"File Path\",\"columnId\":35,\"columnName\":\"file_path\",\"columnType\":\"varchar(255)\",\"createBy\":\"admin\",\"createTime\":\"2024-11-30 22:27:06\",\"dictType\":\"\",\"edit\":true,\"htmlType\":\"input\",\"increment\":false,\"insert\":true,\"isEdit\":\"1\",\"isIncrement\":\"0\",\"isInsert\":\"1\",\"', '{\"msg\":\"操作成功\",\"code\":200}', 0, NULL, '2024-11-30 22:29:22', 26);
INSERT INTO `sys_oper_log` VALUES (113, '代码生成', 8, 'com.ruoyi.generator.controller.GenController.batchGenCode()', 'GET', 1, 'admin', '研发部门', '/tool/gen/batchGenCode', '127.0.0.1', '内网IP', '{\"tables\":\"visa_application\"}', NULL, 0, NULL, '2024-11-30 22:29:24', 159);
INSERT INTO `sys_oper_log` VALUES (114, '代码生成', 8, 'com.ruoyi.generator.controller.GenController.batchGenCode()', 'GET', 1, 'admin', '研发部门', '/tool/gen/batchGenCode', '127.0.0.1', '内网IP', '{\"tables\":\"visa_application_files\"}', NULL, 0, NULL, '2024-11-30 22:29:25', 83);
INSERT INTO `sys_oper_log` VALUES (115, '代码生成', 8, 'com.ruoyi.generator.controller.GenController.batchGenCode()', 'GET', 1, 'admin', '研发部门', '/tool/gen/batchGenCode', '127.0.0.1', '内网IP', '{\"tables\":\"visa_application,visa_application_files\"}', NULL, 0, NULL, '2024-11-30 22:29:35', 237);
INSERT INTO `sys_oper_log` VALUES (116, '菜单管理', 1, 'com.ruoyi.web.controller.system.SysMenuController.add()', 'POST', 1, 'admin', '研发部门', '/system/menu', '127.0.0.1', '内网IP', '{\"children\":[],\"component\":\"visa/application/index.vue\",\"createBy\":\"admin\",\"icon\":\"excel\",\"isCache\":\"0\",\"isFrame\":\"1\",\"menuName\":\"申请管理\",\"menuType\":\"C\",\"orderNum\":2,\"params\":{},\"parentId\":2000,\"path\":\"applicationMang\",\"status\":\"0\",\"visible\":\"0\"}', '{\"msg\":\"操作成功\",\"code\":200}', 0, NULL, '2024-11-30 22:40:29', 122);
INSERT INTO `sys_oper_log` VALUES (117, '菜单管理', 2, 'com.ruoyi.web.controller.system.SysMenuController.edit()', 'PUT', 1, 'admin', '研发部门', '/system/menu', '127.0.0.1', '内网IP', '{\"children\":[],\"component\":\"visa/application/index\",\"createTime\":\"2024-11-30 22:40:29\",\"icon\":\"excel\",\"isCache\":\"0\",\"isFrame\":\"1\",\"menuId\":2002,\"menuName\":\"申请管理\",\"menuType\":\"C\",\"orderNum\":2,\"params\":{},\"parentId\":2000,\"path\":\"applicationMang\",\"perms\":\"\",\"routeName\":\"\",\"status\":\"0\",\"updateBy\":\"admin\",\"visible\":\"0\"}', '{\"msg\":\"操作成功\",\"code\":200}', 0, NULL, '2024-11-30 22:41:39', 16);
INSERT INTO `sys_oper_log` VALUES (118, 'Visa Application Form', 1, 'com.ruoyi.visa.controller.VisaApplicationController.add()', 'POST', 1, 'admin', '研发部门', '/system/application', '127.0.0.1', '内网IP', '{\"applicantId\":123,\"applicationLocation\":\"123\",\"courseLevel\":\"123\",\"courseName\":\"1231\",\"currentPassValidity\":\"2024-11-21\",\"dateOfBirth\":\"2024-11-28\",\"email\":\"231@qq.com\",\"facultyName\":\"23\",\"insuranceCompany\":\"123\",\"lastEntryDate\":\"2024-11-27\",\"malaysiaAddress\":\"231\",\"matricNumber\":\"123\",\"mobileNumber\":\"123\",\"name\":\"123\",\"nationality\":\"123\",\"overseasAddress\":\"23\",\"params\":{},\"passportNumber\":\"1231\",\"remarks\":\"123\",\"reviewerId\":123,\"supervisorName\":\"123\",\"travelDocumentExpiryDate\":\"2024-11-30\",\"travelDocumentIssueDate\":\"2024-11-15\"}', NULL, 1, '\r\n### Error updating database.  Cause: java.sql.SQLException: Field \'study_status\' doesn\'t have a default value\r\n### The error may exist in file [E:\\20241115\\Visa-Management-System-abavc\\ruoyi-system\\target\\classes\\mapper\\visa\\VisaApplicationMapper.xml]\r\n### The error may involve com.ruoyi.visa.mapper.VisaApplicationMapper.insertVisaApplication-Inline\r\n### The error occurred while setting parameters\r\n### SQL: insert into visa_application          ( applicant_id,             name,             matric_number,             passport_number,             email,             malaysia_address,             overseas_address,             course_level,             nationality,             mobile_number,             application_location,             course_name,             faculty_name,             supervisor_name,                                                    date_of_birth,             current_pass_validity,             travel_document_issue_date,             travel_document_expiry_date,             last_entry_date,                                       insurance_company,                          reviewer_id,             remarks )           values ( ?,             ?,             ?,             ?,             ?,             ?,             ?,             ?,             ?,             ?,             ?,             ?,             ?,             ?,                                                    ?,             ?,             ?,             ?,             ?,                                       ?,                          ?,             ? )\r\n### Cause: java.sql.SQLException: Field \'study_status\' doesn\'t have a default value\n; Field \'study_status\' doesn\'t have a default value; nested exception is java.sql.SQLException: Field \'study_status\' doesn\'t have a default value', '2024-11-30 23:25:51', 126);
INSERT INTO `sys_oper_log` VALUES (119, 'Visa Application Form', 1, 'com.ruoyi.visa.controller.VisaApplicationController.add()', 'POST', 1, 'admin', '研发部门', '/system/application', '127.0.0.1', '内网IP', '{\"applicantId\":123,\"applicationLocation\":\"123\",\"courseLevel\":\"123\",\"courseName\":\"1231\",\"currentPassValidity\":\"2024-11-21\",\"dateOfBirth\":\"2024-11-28\",\"email\":\"231@qq.com\",\"facultyName\":\"23\",\"insuranceCompany\":\"123\",\"lastEntryDate\":\"2024-11-27\",\"malaysiaAddress\":\"231\",\"matricNumber\":\"123\",\"mobileNumber\":\"123\",\"name\":\"123\",\"nationality\":\"123\",\"overseasAddress\":\"23\",\"params\":{},\"passportNumber\":\"1231\",\"remarks\":\"123\",\"reviewerId\":123,\"supervisorName\":\"123\",\"travelDocumentExpiryDate\":\"2024-11-30\",\"travelDocumentIssueDate\":\"2024-11-15\"}', NULL, 1, '\r\n### Error updating database.  Cause: java.sql.SQLException: Field \'study_status\' doesn\'t have a default value\r\n### The error may exist in file [E:\\20241115\\Visa-Management-System-abavc\\ruoyi-system\\target\\classes\\mapper\\visa\\VisaApplicationMapper.xml]\r\n### The error may involve com.ruoyi.visa.mapper.VisaApplicationMapper.insertVisaApplication-Inline\r\n### The error occurred while setting parameters\r\n### SQL: insert into visa_application          ( applicant_id,             name,             matric_number,             passport_number,             email,             malaysia_address,             overseas_address,             course_level,             nationality,             mobile_number,             application_location,             course_name,             faculty_name,             supervisor_name,                                                    date_of_birth,             current_pass_validity,             travel_document_issue_date,             travel_document_expiry_date,             last_entry_date,                                       insurance_company,                          reviewer_id,             remarks )           values ( ?,             ?,             ?,             ?,             ?,             ?,             ?,             ?,             ?,             ?,             ?,             ?,             ?,             ?,                                                    ?,             ?,             ?,             ?,             ?,                                       ?,                          ?,             ? )\r\n### Cause: java.sql.SQLException: Field \'study_status\' doesn\'t have a default value\n; Field \'study_status\' doesn\'t have a default value; nested exception is java.sql.SQLException: Field \'study_status\' doesn\'t have a default value', '2024-11-30 23:25:56', 6);
INSERT INTO `sys_oper_log` VALUES (120, 'Visa Application Form', 1, 'com.ruoyi.visa.controller.VisaApplicationController.add()', 'POST', 1, 'admin', '研发部门', '/system/application', '127.0.0.1', '内网IP', '{\"applicantId\":123,\"applicationLocation\":\"23123\",\"courseLevel\":\"123123\",\"courseName\":\"123\",\"currentPassValidity\":\"2024-11-28\",\"dateOfBirth\":\"2024-11-28\",\"email\":\"123@qq.com\",\"facultyName\":\"123\",\"insuranceCompany\":\"123\",\"lastEntryDate\":\"2024-11-14\",\"malaysiaAddress\":\"123123\",\"maritalStatus\":\"123\",\"matricNumber\":\"12123\",\"mobileNumber\":\"1231\",\"name\":\"123\",\"nationality\":\"123\",\"overseasAddress\":\"123\",\"params\":{},\"passportNumber\":\"123\",\"remarks\":\"123123\",\"reviewerId\":123,\"sponsorshipStatus\":\"123\",\"studyStatus\":\"123\",\"supervisorName\":\"123\",\"travelDocumentExpiryDate\":\"2024-11-07\",\"travelDocumentIssueDate\":\"2024-11-21\"}', NULL, 1, '\r\n### Error updating database.  Cause: java.sql.SQLException: Field \'travel_document_type\' doesn\'t have a default value\r\n### The error may exist in file [E:\\20241115\\Visa-Management-System-abavc\\ruoyi-system\\target\\classes\\mapper\\visa\\VisaApplicationMapper.xml]\r\n### The error may involve com.ruoyi.visa.mapper.VisaApplicationMapper.insertVisaApplication-Inline\r\n### The error occurred while setting parameters\r\n### SQL: insert into visa_application          ( applicant_id,             name,             matric_number,             passport_number,             email,             malaysia_address,             overseas_address,             course_level,             nationality,             mobile_number,             application_location,             course_name,             faculty_name,             supervisor_name,             sponsorship_status,             study_status,             marital_status,             date_of_birth,             current_pass_validity,             travel_document_issue_date,             travel_document_expiry_date,             last_entry_date,                                       insurance_company,                          reviewer_id,             remarks )           values ( ?,             ?,             ?,             ?,             ?,             ?,             ?,             ?,             ?,             ?,             ?,             ?,             ?,             ?,             ?,             ?,             ?,             ?,             ?,             ?,             ?,             ?,                                       ?,                          ?,             ? )\r\n### Cause: java.sql.SQLException: Field \'travel_document_type\' doesn\'t have a default value\n; Field \'travel_document_type\' doesn\'t have a default value; nested exception is java.sql.SQLException: Field \'travel_document_type\' doesn\'t have a default value', '2024-11-30 23:31:58', 5);
INSERT INTO `sys_oper_log` VALUES (121, 'Visa Application Form', 1, 'com.ruoyi.visa.controller.VisaApplicationController.add()', 'POST', 1, 'admin', '研发部门', '/system/application', '127.0.0.1', '内网IP', '{\"applicantId\":123,\"applicationLocation\":\"23123\",\"courseLevel\":\"123123\",\"courseName\":\"123\",\"currentPassType\":\"123123\",\"currentPassValidity\":\"2024-11-28\",\"dateOfBirth\":\"2024-11-28\",\"email\":\"123@qq.com\",\"facultyName\":\"123\",\"id\":1,\"insuranceCompany\":\"123\",\"lastEntryDate\":\"2024-11-14\",\"malaysiaAddress\":\"123123\",\"maritalStatus\":\"123\",\"matricNumber\":\"12123\",\"mobileNumber\":\"1231\",\"name\":\"123\",\"nationality\":\"123\",\"overseasAddress\":\"123\",\"params\":{},\"passportNumber\":\"123\",\"remarks\":\"123123\",\"reviewerId\":123,\"sponsorshipStatus\":\"123\",\"studyStatus\":\"123\",\"supervisorName\":\"123\",\"travelDocumentExpiryDate\":\"2024-11-07\",\"travelDocumentIssueDate\":\"2024-11-21\",\"travelDocumentType\":\"123\"}', '{\"msg\":\"操作成功\",\"code\":200}', 0, NULL, '2024-11-30 23:34:02', 19);
INSERT INTO `sys_oper_log` VALUES (122, 'Visa Application Form', 5, 'com.ruoyi.visa.controller.VisaApplicationController.export()', 'POST', 1, 'admin', '研发部门', '/system/application/export', '127.0.0.1', '内网IP', '{\"pageSize\":\"10\",\"pageNum\":\"1\"}', NULL, 0, NULL, '2024-11-30 23:47:29', 859);
INSERT INTO `sys_oper_log` VALUES (123, '代码生成', 8, 'com.ruoyi.generator.controller.GenController.batchGenCode()', 'GET', 1, 'admin', '研发部门', '/tool/gen/batchGenCode', '127.0.0.1', '内网IP', '{\"tables\":\"visa_application_files\"}', NULL, 0, NULL, '2024-12-01 11:08:10', 204);
INSERT INTO `sys_oper_log` VALUES (124, 'Visa Application Form', 2, 'com.ruoyi.visa.controller.VisaApplicationController.edit()', 'PUT', 1, 'admin', '研发部门', '/system/application', '127.0.0.1', '内网IP', '{\"applicantId\":123,\"applicationLocation\":\"23123\",\"boardingPassImg\":\"http://localhost:8080/profile/upload/2024/12/01/454V6tRKpngz13a7017aa90601f7cfb37fdd4363512a_20241201151200A023.png\",\"courseLevel\":\"123123\",\"courseName\":\"123\",\"createdAt\":\"2024-11-30\",\"currentPassType\":\"123123\",\"currentPassValidity\":\"2024-11-28\",\"dateOfBirth\":\"2024-11-28\",\"email\":\"123@qq.com\",\"facultyName\":\"123\",\"id\":1,\"insuranceCompany\":\"123\",\"lastEntryDate\":\"2024-11-14\",\"malaysiaAddress\":\"123123\",\"maritalStatus\":\"123\",\"matricNumber\":\"12123\",\"mobileNumber\":\"1231\",\"name\":\"123\",\"nationality\":\"123\",\"overseasAddress\":\"123\",\"params\":{},\"passportNumber\":\"123\",\"remarks\":\"123123\",\"reviewerId\":123,\"sponsorshipStatus\":\"123\",\"status\":\"DRAFT\",\"studyStatus\":\"123\",\"supervisorName\":\"123\",\"travelDocumentExpiryDate\":\"2024-11-07\",\"travelDocumentIssueDate\":\"2024-11-21\",\"travelDocumentType\":\"123\",\"updatedAt\":\"2024-11-30\"}', '{\"msg\":\"操作成功\",\"code\":200}', 0, NULL, '2024-12-01 15:12:03', 45);
INSERT INTO `sys_oper_log` VALUES (125, '代码生成', 8, 'com.ruoyi.generator.controller.GenController.batchGenCode()', 'GET', 1, 'admin', '研发部门', '/tool/gen/batchGenCode', '127.0.0.1', '内网IP', '{\"tables\":\"visa_application\"}', NULL, 0, NULL, '2024-12-01 15:22:36', 285);
INSERT INTO `sys_oper_log` VALUES (126, 'Visa Application Form', 2, 'com.ruoyi.visa.controller.VisaApplicationController.edit()', 'PUT', 1, 'admin', '研发部门', '/system/application', '127.0.0.1', '内网IP', '{\"applicantId\":123,\"applicationLocation\":\"23123\",\"boardingPassImg\":\"http://localhost:8080/profile/upload/2024/12/01/454V6tRKpngz13a7017aa90601f7cfb37fdd4363512a_20241201152308A001.png\",\"courseLevel\":\"123123\",\"courseName\":\"123\",\"createdAt\":\"2024-11-30\",\"currentPassType\":\"123123\",\"currentPassValidity\":\"2024-11-28\",\"dateOfBirth\":\"2024-11-28\",\"email\":\"123@qq.com\",\"facultyName\":\"123\",\"id\":1,\"insuranceCompany\":\"123\",\"lastEntryDate\":\"2024-11-14\",\"malaysiaAddress\":\"123123\",\"maritalStatus\":\"123\",\"matricNumber\":\"12123\",\"mobileNumber\":\"1231\",\"name\":\"123\",\"nationality\":\"123\",\"overseasAddress\":\"123\",\"params\":{},\"passportNumber\":\"123\",\"remarks\":\"123123\",\"reviewerId\":123,\"sponsorshipStatus\":\"123\",\"status\":\"DRAFT\",\"studyStatus\":\"123\",\"supervisorName\":\"123\",\"travelDocumentExpiryDate\":\"2024-11-07\",\"travelDocumentIssueDate\":\"2024-11-21\",\"travelDocumentType\":\"123\",\"updatedAt\":\"2024-11-30\"}', '{\"msg\":\"操作成功\",\"code\":200}', 0, NULL, '2024-12-01 15:23:11', 39);
INSERT INTO `sys_oper_log` VALUES (127, '代码生成', 3, 'com.ruoyi.generator.controller.GenController.remove()', 'DELETE', 1, 'admin', '研发部门', '/tool/gen/1', '127.0.0.1', '内网IP', '[1]', '{\"msg\":\"操作成功\",\"code\":200}', 0, NULL, '2024-12-01 15:25:15', 27);
INSERT INTO `sys_oper_log` VALUES (128, '创建表', 0, 'com.ruoyi.generator.controller.GenController.createTableSave()', 'POST', 1, 'admin', '研发部门', '/tool/gen/createTable', '127.0.0.1', '内网IP', '{\"sql\":\"CREATE TABLE `visa_application`  (\\n  `id` bigint(20) NOT NULL AUTO_INCREMENT COMMENT \'Primary Key\',\\n  `applicant_id` bigint(20) NOT NULL COMMENT \'Applicant ID\',\\n  `name` varchar(100) CHARACTER SET utf8mb4 COLLATE utf8mb4_general_ci NOT NULL COMMENT \'Name as in Passport MRZ format\',\\n  `matric_number` varchar(50) CHARACTER SET utf8mb4 COLLATE utf8mb4_general_ci NOT NULL COMMENT \'Matric Number\',\\n  `passport_number` varchar(50) CHARACTER SET utf8mb4 COLLATE utf8mb4_general_ci NOT NULL COMMENT \'Passport Number\',\\n  `email` varchar(100) CHARACTER SET utf8mb4 COLLATE utf8mb4_general_ci NOT NULL COMMENT \'Email Address\',\\n  `malaysia_address` text CHARACTER SET utf8mb4 COLLATE utf8mb4_general_ci NOT NULL COMMENT \'Full Address in Malaysia\',\\n  `overseas_address` text CHARACTER SET utf8mb4 COLLATE utf8mb4_general_ci NOT NULL COMMENT \'Full Address Overseas\',\\n  `course_level` varchar(50) CHARACTER SET utf8mb4 COLLATE utf8mb4_general_ci NOT NULL COMMENT \'Course Level\',\\n  `nationality` varchar(50) CHARACTER SET utf8mb4 COLLATE utf8mb4_general_ci NOT NULL COMMENT \'Nationality\',\\n  `mobile_number` varchar(50) CHARACTER SET utf8mb4 COLLATE utf8mb4_general_ci NOT NULL COMMENT \'Mobile Number (WhatsApp)\',\\n  `application_location` varchar(50) CHARACTER SET utf8mb4 COLLATE utf8mb4_general_ci NOT NULL COMMENT \'Location when applying\',\\n  `course_name` varchar(200) CHARACTER SET utf8mb4 COLLATE utf8mb4_general_ci NOT NULL COMMENT \'Course Name\',\\n  `faculty_name` varchar(200) CHARACTER SET utf8mb4 COLLATE utf8mb4_general_ci NOT NULL COMMENT \'Faculty/Institute/School Name\',\\n  `supervisor_name` varchar(100) CHARACTER SET utf8mb4 COLLATE utf8mb4_general_ci NOT NULL COMMENT \'Supervisor/Advisor Name\',\\n  `sponsorship_status` varchar(50) CHARACTER SET utf8mb4 COLLATE utf8mb4_general_ci NULL DEFAULT NULL COMMENT \'Sponsorship status\',\\n  `study_status` varchar(50) CHARACTER SET utf8mb4 COLLATE utf8mb4_general_ci NOT NULL COMMENT \'Study Status (Current semester)\',\\n  `marital_status`', '{\"msg\":\"创建表结构异常\",\"code\":500}', 0, NULL, '2024-12-01 15:25:18', 76);
INSERT INTO `sys_oper_log` VALUES (129, '代码生成', 6, 'com.ruoyi.generator.controller.GenController.importTableSave()', 'POST', 1, 'admin', '研发部门', '/tool/gen/importTable', '127.0.0.1', '内网IP', '{\"tables\":\"visa_application\"}', '{\"msg\":\"操作成功\",\"code\":200}', 0, NULL, '2024-12-01 15:25:45', 159);
INSERT INTO `sys_oper_log` VALUES (130, '代码生成', 8, 'com.ruoyi.generator.controller.GenController.batchGenCode()', 'GET', 1, 'admin', '研发部门', '/tool/gen/batchGenCode', '127.0.0.1', '内网IP', '{\"tables\":\"visa_application\"}', NULL, 0, NULL, '2024-12-01 15:25:49', 290);
INSERT INTO `sys_oper_log` VALUES (131, 'Visa Application Form', 2, 'com.ruoyi.visa.controller.VisaApplicationController.edit()', 'PUT', 1, 'admin', '研发部门', '/system/application', '127.0.0.1', '内网IP', '{\"applicantId\":123,\"applicationLocation\":\"23123\",\"boardingPassImg\":\"http://localhost:8080/profile/upload/2024/12/01/454V6tRKpngz13a7017aa90601f7cfb37fdd4363512a_20241201152807A001.png\",\"courseLevel\":\"123123\",\"courseName\":\"123\",\"createdAt\":\"2024-11-30\",\"currentPassType\":\"123123\",\"currentPassValidity\":\"2024-11-28\",\"dateOfBirth\":\"2024-11-28\",\"email\":\"123@qq.com\",\"facultyName\":\"123\",\"id\":1,\"insuranceCompany\":\"123\",\"lastEntryDate\":\"2024-11-14\",\"malaysiaAddress\":\"123123\",\"maritalStatus\":\"123\",\"matricNumber\":\"12123\",\"mobileNumber\":\"1231\",\"name\":\"123\",\"nationality\":\"123\",\"overseasAddress\":\"123\",\"params\":{},\"passportNumber\":\"123\",\"remarks\":\"123123\",\"reviewerId\":123,\"sponsorshipStatus\":\"123\",\"status\":\"DRAFT\",\"studyStatus\":\"123\",\"supervisorName\":\"123\",\"travelDocumentExpiryDate\":\"2024-11-07\",\"travelDocumentIssueDate\":\"2024-11-21\",\"travelDocumentType\":\"123\",\"updatedAt\":\"2024-11-30\"}', '{\"msg\":\"操作成功\",\"code\":200}', 0, NULL, '2024-12-01 15:28:09', 36);
INSERT INTO `sys_oper_log` VALUES (132, 'Visa Application Form', 2, 'com.ruoyi.visa.controller.VisaApplicationController.edit()', 'PUT', 1, 'admin', '研发部门', '/system/application', '127.0.0.1', '内网IP', '{\"applicantId\":123,\"applicationLocation\":\"2\",\"boardingPassImg\":\"http://localhost:8080/profile/upload/2024/12/01/454V6tRKpngz13a7017aa90601f7cfb37fdd4363512a_20241201152807A001.png\",\"courseLevel\":\"2\",\"courseName\":\"123\",\"createdAt\":\"2024-11-30\",\"currentPassType\":\"2\",\"currentPassValidity\":\"2024-11-28\",\"dateOfBirth\":\"2024-11-28\",\"email\":\"123@qq.com\",\"facultyName\":\"123\",\"id\":1,\"insuranceCompany\":\"123\",\"lastEntryDate\":\"2024-11-14\",\"malaysiaAddress\":\"123123\",\"maritalStatus\":\"2\",\"matricNumber\":\"12123\",\"mobileNumber\":\"1231\",\"name\":\"123\",\"nationality\":\"123\",\"overseasAddress\":\"123\",\"params\":{},\"passportNumber\":\"123\",\"remarks\":\"123123\",\"reviewerId\":123,\"sponsorshipStatus\":\"1\",\"status\":\"DRAFT\",\"studyStatus\":\"123\",\"supervisorName\":\"123\",\"travelDocumentExpiryDate\":\"2024-11-07\",\"travelDocumentIssueDate\":\"2024-11-21\",\"travelDocumentType\":\"2\",\"updatedAt\":\"2024-11-30\"}', '{\"msg\":\"操作成功\",\"code\":200}', 0, NULL, '2024-12-01 15:28:33', 10);
INSERT INTO `sys_oper_log` VALUES (133, 'Visa Application Form', 2, 'com.ruoyi.visa.controller.VisaApplicationController.edit()', 'PUT', 1, 'admin', '研发部门', '/system/application', '127.0.0.1', '内网IP', '{\"applicantId\":123,\"applicationLocation\":\"2\",\"boardingPassImg\":\"http://localhost:8080/profile/upload/2024/12/01/454V6tRKpngz13a7017aa90601f7cfb37fdd4363512a_20241201152807A001.png\",\"courseLevel\":\"2\",\"courseName\":\"123\",\"createdAt\":\"2024-11-30\",\"currentPassType\":\"2\",\"currentPassValidity\":\"2024-11-28\",\"dateOfBirth\":\"2024-11-28\",\"email\":\"123@qq.com\",\"facultyName\":\"123\",\"id\":1,\"insuranceCompany\":\"123\",\"lastEntryDate\":\"2024-11-14\",\"malaysiaAddress\":\"123123\",\"maritalStatus\":\"2\",\"matricNumber\":\"12123\",\"mobileNumber\":\"1231\",\"name\":\"123\",\"nationality\":\"123\",\"overseasAddress\":\"123\",\"params\":{},\"passportNumber\":\"123\",\"remarks\":\"123123\",\"reviewerId\":123,\"sponsorshipStatus\":\"1\",\"status\":\"DRAFT\",\"studyStatus\":\"123\",\"supervisorName\":\"123\",\"travelDocumentExpiryDate\":\"2024-11-07\",\"travelDocumentIssueDate\":\"2024-11-21\",\"travelDocumentType\":\"2\",\"updatedAt\":\"2024-11-30\",\"upmPaymentImg\":\"http://localhost:8080/profile/upload/2024/12/01/454V6tRKpngz13a7017aa90601f7cfb37fdd4363512a_20241201154336A004.png\"}', '{\"msg\":\"操作成功\",\"code\":200}', 0, NULL, '2024-12-01 15:43:38', 10);
INSERT INTO `sys_oper_log` VALUES (134, 'Visa Application Form', 2, 'com.ruoyi.visa.controller.VisaApplicationController.edit()', 'PUT', 1, 'admin', '研发部门', '/system/application', '127.0.0.1', '内网IP', '{\"applicantId\":123,\"applicationLocation\":\"2\",\"boardingPassImg\":\"http://localhost:8080/profile/upload/2024/12/01/454V6tRKpngz13a7017aa90601f7cfb37fdd4363512a_20241201152807A001.png\",\"courseLevel\":\"2\",\"courseName\":\"123\",\"createdAt\":\"2024-11-30\",\"currentPassType\":\"2\",\"currentPassValidity\":\"2024-11-28\",\"dateOfBirth\":\"2024-11-28\",\"email\":\"123@qq.com\",\"emgsPaymentImg\":\"http://localhost:8080/profile/upload/2024/12/01/show1_20241201155023A010.jpg\",\"facultyName\":\"123\",\"id\":1,\"insuranceCompany\":\"123\",\"lastEntryDate\":\"2024-11-14\",\"malaysiaAddress\":\"123123\",\"maritalStatus\":\"2\",\"matricNumber\":\"12123\",\"mobileNumber\":\"1231\",\"name\":\"123\",\"nationality\":\"123\",\"oldPassportImg\":\"http://localhost:8080/profile/upload/2024/12/01/login_20241201155007A006.png\",\"overseasAddress\":\"123\",\"params\":{},\"passportImg\":\"http://localhost:8080/profile/upload/2024/12/01/7YS6oObzVMEUdfb81225d5ed6712573b449f88d218ee_20241201154956A005.jpg\",\"passportNumber\":\"123\",\"progressReportImg\":\"http://localhost:8080/profile/upload/2024/12/01/register_20241201155019A009.png\",\"registrationSlipImg\":\"http://localhost:8080/profile/upload/2024/12/01/hRAWQjaHtT1013a7017aa90601f7cfb37fdd4363512a_20241201155010A007.png\",\"remarks\":\"123123\",\"reviewerId\":123,\"sponsorshipStatus\":\"1\",\"status\":\"DRAFT\",\"studyStatus\":\"123\",\"supervisorName\":\"123\",\"supportingLetterImg\":\"http://localhost:8080/profile/upload/2024/12/01/DqgNYRqRxlp3a3e3c8f61be1f6d840bd6be4d1e95451_20241201155013A008.jpg\",\"travelDocumentExpiryDate\":\"2024-11-07\",\"travelDocumentIssueDate\":\"2024-11-21\",\"travelDocumentType\":\"2\",\"updatedAt\":\"2024-11-30\",\"upmPaymentImg\":\"http://localhost:8080/profile/upload/2024/12/01/454V6tRKpngz13a7017aa90601f7cfb37fdd4363512a_20241201154336A004.png\"}', '{\"msg\":\"操作成功\",\"code\":200}', 0, NULL, '2024-12-01 15:50:24', 13);
INSERT INTO `sys_oper_log` VALUES (135, 'Visa Application Form', 2, 'com.ruoyi.visa.controller.VisaApplicationController.edit()', 'PUT', 1, 'admin', '研发部门', '/system/application', '127.0.0.1', '内网IP', '{\"academicResultImg\":\"http://localhost:8080/profile/upload/2024/12/01/454V6tRKpngz13a7017aa90601f7cfb37fdd4363512a_20241201155041A011.png\",\"applicantId\":123,\"applicationLocation\":\"2\",\"attendanceReportImg\":\"http://localhost:8080/profile/upload/2024/12/01/indexBg1_20241201155048A013.jpg\",\"boardingPassImg\":\"http://localhost:8080/profile/upload/2024/12/01/454V6tRKpngz13a7017aa90601f7cfb37fdd4363512a_20241201152807A001.png\",\"courseLevel\":\"2\",\"courseName\":\"123\",\"createdAt\":\"2024-11-30\",\"currentPassType\":\"2\",\"currentPassValidity\":\"2024-11-28\",\"dateOfBirth\":\"2024-11-28\",\"email\":\"123@qq.com\",\"emgsPaymentImg\":\"http://localhost:8080/profile/upload/2024/12/01/show1_20241201155023A010.jpg\",\"facultyName\":\"123\",\"id\":1,\"insuranceCompany\":\"123\",\"insuranceCoverNoteImg\":\"http://localhost:8080/profile/upload/2024/12/01/class_03871408ef90dc0c4b3023609710_20241201155043A012.png\",\"lastEntryDate\":\"2024-11-14\",\"malaysiaAddress\":\"123123\",\"maritalStatus\":\"2\",\"matricNumber\":\"12123\",\"mobileNumber\":\"1231\",\"name\":\"123\",\"nationality\":\"123\",\"oldPassportImg\":\"http://localhost:8080/profile/upload/2024/12/01/login_20241201155007A006.png\",\"overseasAddress\":\"123\",\"params\":{},\"passportImg\":\"http://localhost:8080/profile/upload/2024/12/01/7YS6oObzVMEUdfb81225d5ed6712573b449f88d218ee_20241201154956A005.jpg\",\"passportNumber\":\"123\",\"progressReportImg\":\"http://localhost:8080/profile/upload/2024/12/01/register_20241201155019A009.png\",\"registrationSlipImg\":\"http://localhost:8080/profile/upload/2024/12/01/hRAWQjaHtT1013a7017aa90601f7cfb37fdd4363512a_20241201155010A007.png\",\"remarks\":\"123123\",\"reviewerId\":123,\"sponsorshipStatus\":\"1\",\"status\":\"DRAFT\",\"studyStatus\":\"123\",\"supervisorName\":\"123\",\"supportingLetterImg\":\"http://localhost:8080/profile/upload/2024/12/01/DqgNYRqRxlp3a3e3c8f61be1f6d840bd6be4d1e95451_20241201155013A008.jpg\",\"travelDocumentExpiryDate\":\"2024-11-07\",\"travelDocumentIssueDate\":\"2024-11-21\",\"travelDocumentType\":\"2\",\"updatedAt\":\"2024-11-30\",\"upmPaymentImg\":\"http://localhost:8080/profile/upload/2024', '{\"msg\":\"操作成功\",\"code\":200}', 0, NULL, '2024-12-01 15:50:52', 17);
INSERT INTO `sys_oper_log` VALUES (136, '角色管理', 2, 'com.ruoyi.web.controller.system.SysRoleController.edit()', 'PUT', 1, 'admin', '研发部门', '/system/role', '127.0.0.1', '内网IP', '{\"admin\":false,\"createTime\":\"2024-11-30 10:29:36\",\"dataScope\":\"2\",\"delFlag\":\"0\",\"deptCheckStrictly\":true,\"flag\":false,\"menuCheckStrictly\":true,\"menuIds\":[2000,2001,2002],\"params\":{},\"remark\":\"普通角色\",\"roleId\":2,\"roleKey\":\"common\",\"roleName\":\"普通角色\",\"roleSort\":2,\"status\":\"0\",\"updateBy\":\"admin\"}', '{\"msg\":\"操作成功\",\"code\":200}', 0, NULL, '2024-12-01 16:30:30', 39);
INSERT INTO `sys_oper_log` VALUES (137, '角色管理', 1, 'com.ruoyi.web.controller.system.SysRoleController.add()', 'POST', 1, 'admin', '研发部门', '/system/role', '127.0.0.1', '内网IP', '{\"admin\":false,\"createBy\":\"admin\",\"deptCheckStrictly\":true,\"deptIds\":[],\"flag\":false,\"menuCheckStrictly\":true,\"menuIds\":[2000,2001,2002],\"params\":{},\"roleId\":3,\"roleKey\":\"reviewer\",\"roleName\":\"审核员\",\"roleSort\":1,\"status\":\"0\"}', '{\"msg\":\"操作成功\",\"code\":200}', 0, NULL, '2024-12-01 16:31:13', 26);
INSERT INTO `sys_oper_log` VALUES (138, '用户管理', 2, 'com.ruoyi.web.controller.system.SysUserController.edit()', 'PUT', 1, 'admin', '研发部门', '/system/user', '127.0.0.1', '内网IP', '{\"admin\":false,\"avatar\":\"\",\"createBy\":\"admin\",\"createTime\":\"2024-11-30 10:29:36\",\"delFlag\":\"0\",\"dept\":{\"ancestors\":\"0,100,101\",\"children\":[],\"deptId\":105,\"deptName\":\"测试部门\",\"leader\":\"若依\",\"orderNum\":3,\"params\":{},\"parentId\":101,\"status\":\"0\"},\"deptId\":105,\"email\":\"ry@qq.com\",\"loginDate\":\"2024-11-30 10:29:36\",\"loginIp\":\"127.0.0.1\",\"nickName\":\"若依\",\"params\":{},\"phonenumber\":\"15666666666\",\"postIds\":[2],\"remark\":\"测试员\",\"roleIds\":[3],\"roles\":[{\"admin\":false,\"dataScope\":\"2\",\"deptCheckStrictly\":false,\"flag\":false,\"menuCheckStrictly\":false,\"params\":{},\"roleId\":2,\"roleKey\":\"common\",\"roleName\":\"普通角色\",\"roleSort\":2,\"status\":\"0\"}],\"sex\":\"1\",\"status\":\"0\",\"updateBy\":\"admin\",\"userId\":2,\"userName\":\"ry\"}', '{\"msg\":\"操作成功\",\"code\":200}', 0, NULL, '2024-12-01 23:21:03', 52);
INSERT INTO `sys_oper_log` VALUES (139, '用户管理', 2, 'com.ruoyi.web.controller.system.SysUserController.edit()', 'PUT', 1, 'admin', '研发部门', '/system/user', '127.0.0.1', '内网IP', '{\"admin\":false,\"avatar\":\"\",\"createBy\":\"admin\",\"createTime\":\"2024-11-30 10:29:36\",\"delFlag\":\"0\",\"dept\":{\"ancestors\":\"0,100,101\",\"children\":[],\"deptId\":105,\"deptName\":\"测试部门\",\"leader\":\"若依\",\"orderNum\":3,\"params\":{},\"parentId\":101,\"status\":\"0\"},\"deptId\":105,\"email\":\"ry@qq.com\",\"loginDate\":\"2024-11-30 10:29:36\",\"loginIp\":\"127.0.0.1\",\"nickName\":\"若依\",\"params\":{},\"phonenumber\":\"15666666666\",\"postIds\":[2],\"remark\":\"测试员\",\"roleIds\":[3],\"roles\":[{\"admin\":false,\"dataScope\":\"1\",\"deptCheckStrictly\":false,\"flag\":false,\"menuCheckStrictly\":false,\"params\":{},\"roleId\":3,\"roleKey\":\"reviewer\",\"roleName\":\"审核员\",\"roleSort\":1,\"status\":\"0\"}],\"sex\":\"1\",\"status\":\"0\",\"updateBy\":\"admin\",\"userId\":2,\"userName\":\"ry\"}', '{\"msg\":\"操作成功\",\"code\":200}', 0, NULL, '2024-12-01 23:21:06', 22);
INSERT INTO `sys_oper_log` VALUES (140, '用户管理', 2, 'com.ruoyi.web.controller.system.SysUserController.edit()', 'PUT', 1, 'admin', '研发部门', '/system/user', '127.0.0.1', '内网IP', '{\"admin\":false,\"avatar\":\"\",\"createBy\":\"admin\",\"createTime\":\"2024-11-30 10:29:36\",\"delFlag\":\"0\",\"dept\":{\"ancestors\":\"0,100,101\",\"children\":[],\"deptId\":105,\"deptName\":\"测试部门\",\"leader\":\"若依\",\"orderNum\":3,\"params\":{},\"parentId\":101,\"status\":\"0\"},\"deptId\":105,\"email\":\"ry@qq.com\",\"loginDate\":\"2024-11-30 10:29:36\",\"loginIp\":\"127.0.0.1\",\"nickName\":\"若依\",\"params\":{},\"phonenumber\":\"15666666666\",\"postIds\":[2],\"remark\":\"测试员\",\"roleIds\":[2],\"roles\":[{\"admin\":false,\"dataScope\":\"1\",\"deptCheckStrictly\":false,\"flag\":false,\"menuCheckStrictly\":false,\"params\":{},\"roleId\":3,\"roleKey\":\"reviewer\",\"roleName\":\"审核员\",\"roleSort\":1,\"status\":\"0\"}],\"sex\":\"1\",\"status\":\"0\",\"updateBy\":\"admin\",\"userId\":2,\"userName\":\"ry\"}', '{\"msg\":\"操作成功\",\"code\":200}', 0, NULL, '2024-12-01 23:21:22', 19);
INSERT INTO `sys_oper_log` VALUES (141, '用户管理', 1, 'com.ruoyi.web.controller.system.SysUserController.add()', 'POST', 1, 'admin', '研发部门', '/system/user', '127.0.0.1', '内网IP', '{\"admin\":false,\"createBy\":\"admin\",\"email\":\"xv1561211761@gmail.com\",\"nickName\":\"user1\",\"params\":{},\"phonenumber\":\"17852583694\",\"postIds\":[],\"roleIds\":[2],\"status\":\"0\",\"userId\":3,\"userName\":\"user1\"}', '{\"msg\":\"操作成功\",\"code\":200}', 0, NULL, '2024-12-02 09:51:15', 94);
INSERT INTO `sys_oper_log` VALUES (142, '用户管理', 1, 'com.ruoyi.web.controller.system.SysUserController.add()', 'POST', 1, 'admin', '研发部门', '/system/user', '127.0.0.1', '内网IP', '{\"admin\":false,\"createBy\":\"admin\",\"nickName\":\"test\",\"params\":{},\"phonenumber\":\"\",\"postIds\":[],\"roleIds\":[],\"status\":\"0\",\"userId\":4,\"userName\":\"test\"}', '{\"msg\":\"操作成功\",\"code\":200}', 0, NULL, '2024-12-02 09:51:47', 78);
INSERT INTO `sys_oper_log` VALUES (143, '用户管理', 3, 'com.ruoyi.web.controller.system.SysUserController.remove()', 'DELETE', 1, 'admin', '研发部门', '/system/user/4', '127.0.0.1', '内网IP', '[4]', '{\"msg\":\"操作成功\",\"code\":200}', 0, NULL, '2024-12-02 09:52:01', 19);
INSERT INTO `sys_oper_log` VALUES (144, '用户管理', 1, 'com.ruoyi.web.controller.system.SysUserController.add()', 'POST', 1, 'admin', '研发部门', '/system/user', '127.0.0.1', '内网IP', '{\"admin\":false,\"createBy\":\"admin\",\"email\":\"xv15611761@gmail.com\",\"nickName\":\"审核员1\",\"params\":{},\"phonenumber\":\"17846339983\",\"postIds\":[],\"roleIds\":[3],\"status\":\"0\",\"userId\":5,\"userName\":\"review1\"}', '{\"msg\":\"操作成功\",\"code\":200}', 0, NULL, '2024-12-02 09:52:59', 79);
INSERT INTO `sys_oper_log` VALUES (145, '用户管理', 2, 'com.ruoyi.web.controller.system.SysUserController.edit()', 'PUT', 1, 'admin', '研发部门', '/system/user', '127.0.0.1', '内网IP', '{\"admin\":false,\"avatar\":\"\",\"createBy\":\"admin\",\"createTime\":\"2024-12-02 09:51:15\",\"delFlag\":\"0\",\"deptId\":100,\"email\":\"xv1561211761@gmail.com\",\"loginIp\":\"\",\"nickName\":\"user1\",\"params\":{},\"phonenumber\":\"17852583694\",\"postIds\":[],\"roleIds\":[2],\"roles\":[{\"admin\":false,\"dataScope\":\"2\",\"deptCheckStrictly\":false,\"flag\":false,\"menuCheckStrictly\":false,\"params\":{},\"roleId\":2,\"roleKey\":\"common\",\"roleName\":\"普通角色\",\"roleSort\":2,\"status\":\"0\"}],\"sex\":\"0\",\"status\":\"0\",\"updateBy\":\"admin\",\"userId\":3,\"userName\":\"user1\"}', '{\"msg\":\"操作成功\",\"code\":200}', 0, NULL, '2024-12-02 09:53:14', 35);
INSERT INTO `sys_oper_log` VALUES (146, '用户管理', 2, 'com.ruoyi.web.controller.system.SysUserController.edit()', 'PUT', 1, 'admin', '研发部门', '/system/user', '127.0.0.1', '内网IP', '{\"admin\":false,\"avatar\":\"\",\"createBy\":\"admin\",\"createTime\":\"2024-12-02 09:52:59\",\"delFlag\":\"0\",\"deptId\":100,\"email\":\"xv15611761@gmail.com\",\"loginIp\":\"\",\"nickName\":\"审核员1\",\"params\":{},\"phonenumber\":\"17846339983\",\"postIds\":[],\"roleIds\":[3],\"roles\":[{\"admin\":false,\"dataScope\":\"1\",\"deptCheckStrictly\":false,\"flag\":false,\"menuCheckStrictly\":false,\"params\":{},\"roleId\":3,\"roleKey\":\"reviewer\",\"roleName\":\"审核员\",\"roleSort\":1,\"status\":\"0\"}],\"sex\":\"0\",\"status\":\"0\",\"updateBy\":\"admin\",\"userId\":5,\"userName\":\"review1\"}', '{\"msg\":\"操作成功\",\"code\":200}', 0, NULL, '2024-12-02 09:53:16', 16);
INSERT INTO `sys_oper_log` VALUES (147, '菜单管理', 1, 'com.ruoyi.web.controller.system.SysMenuController.add()', 'POST', 1, 'admin', '研发部门', '/system/menu', '127.0.0.1', '内网IP', '{\"children\":[],\"createBy\":\"admin\",\"isCache\":\"0\",\"isFrame\":\"1\",\"menuName\":\"列表权限\",\"menuType\":\"F\",\"orderNum\":1,\"params\":{},\"parentId\":2002,\"perms\":\"system:application:list\",\"status\":\"0\",\"visible\":\"0\"}', '{\"msg\":\"操作成功\",\"code\":200}', 0, NULL, '2024-12-02 09:59:07', 16);
INSERT INTO `sys_oper_log` VALUES (148, '菜单管理', 1, 'com.ruoyi.web.controller.system.SysMenuController.add()', 'POST', 1, 'admin', '研发部门', '/system/menu', '127.0.0.1', '内网IP', '{\"children\":[],\"createBy\":\"admin\",\"isCache\":\"0\",\"isFrame\":\"1\",\"menuName\":\"导出权限\",\"menuType\":\"F\",\"orderNum\":2,\"params\":{},\"parentId\":2002,\"perms\":\"system:application:export\",\"status\":\"0\",\"visible\":\"0\"}', '{\"msg\":\"操作成功\",\"code\":200}', 0, NULL, '2024-12-02 09:59:30', 10);
INSERT INTO `sys_oper_log` VALUES (149, '菜单管理', 1, 'com.ruoyi.web.controller.system.SysMenuController.add()', 'POST', 1, 'admin', '研发部门', '/system/menu', '127.0.0.1', '内网IP', '{\"children\":[],\"createBy\":\"admin\",\"isCache\":\"0\",\"isFrame\":\"1\",\"menuName\":\"根据id获取\",\"menuType\":\"F\",\"orderNum\":3,\"params\":{},\"parentId\":2002,\"perms\":\"system:application:query\",\"status\":\"0\",\"visible\":\"0\"}', '{\"msg\":\"操作成功\",\"code\":200}', 0, NULL, '2024-12-02 09:59:52', 9);
INSERT INTO `sys_oper_log` VALUES (150, '菜单管理', 1, 'com.ruoyi.web.controller.system.SysMenuController.add()', 'POST', 1, 'admin', '研发部门', '/system/menu', '127.0.0.1', '内网IP', '{\"children\":[],\"createBy\":\"admin\",\"isCache\":\"0\",\"isFrame\":\"1\",\"menuName\":\"添加\",\"menuType\":\"F\",\"orderNum\":4,\"params\":{},\"parentId\":2002,\"perms\":\"system:application:add\",\"status\":\"0\",\"visible\":\"0\"}', '{\"msg\":\"操作成功\",\"code\":200}', 0, NULL, '2024-12-02 10:00:15', 10);
INSERT INTO `sys_oper_log` VALUES (151, '菜单管理', 1, 'com.ruoyi.web.controller.system.SysMenuController.add()', 'POST', 1, 'admin', '研发部门', '/system/menu', '127.0.0.1', '内网IP', '{\"children\":[],\"createBy\":\"admin\",\"isCache\":\"0\",\"isFrame\":\"1\",\"menuName\":\"编辑\",\"menuType\":\"F\",\"orderNum\":5,\"params\":{},\"parentId\":2002,\"perms\":\"system:application:edit\",\"status\":\"0\",\"visible\":\"0\"}', '{\"msg\":\"操作成功\",\"code\":200}', 0, NULL, '2024-12-02 10:00:34', 9);
INSERT INTO `sys_oper_log` VALUES (152, '菜单管理', 1, 'com.ruoyi.web.controller.system.SysMenuController.add()', 'POST', 1, 'admin', '研发部门', '/system/menu', '127.0.0.1', '内网IP', '{\"children\":[],\"createBy\":\"admin\",\"isCache\":\"0\",\"isFrame\":\"1\",\"menuName\":\"删除\",\"menuType\":\"F\",\"orderNum\":6,\"params\":{},\"parentId\":2002,\"perms\":\"system:application:remove\",\"status\":\"0\",\"visible\":\"0\"}', '{\"msg\":\"操作成功\",\"code\":200}', 0, NULL, '2024-12-02 10:00:57', 10);
INSERT INTO `sys_oper_log` VALUES (153, '菜单管理', 1, 'com.ruoyi.web.controller.system.SysMenuController.add()', 'POST', 1, 'admin', '研发部门', '/system/menu', '127.0.0.1', '内网IP', '{\"children\":[],\"createBy\":\"admin\",\"isCache\":\"0\",\"isFrame\":\"1\",\"menuName\":\"审核\",\"menuType\":\"F\",\"orderNum\":7,\"params\":{},\"parentId\":2002,\"perms\":\"system:application:review\",\"status\":\"0\",\"visible\":\"0\"}', '{\"msg\":\"操作成功\",\"code\":200}', 0, NULL, '2024-12-02 10:01:20', 9);
INSERT INTO `sys_oper_log` VALUES (154, '菜单管理', 1, 'com.ruoyi.web.controller.system.SysMenuController.add()', 'POST', 1, 'admin', '研发部门', '/system/menu', '127.0.0.1', '内网IP', '{\"children\":[],\"createBy\":\"admin\",\"isCache\":\"0\",\"isFrame\":\"1\",\"menuName\":\"分配审核人员\",\"menuType\":\"F\",\"orderNum\":8,\"params\":{},\"parentId\":2002,\"perms\":\"system:application:assign\",\"status\":\"0\",\"visible\":\"0\"}', '{\"msg\":\"操作成功\",\"code\":200}', 0, NULL, '2024-12-02 10:01:43', 10);
INSERT INTO `sys_oper_log` VALUES (155, '角色管理', 2, 'com.ruoyi.web.controller.system.SysRoleController.edit()', 'PUT', 1, 'admin', '研发部门', '/system/role', '127.0.0.1', '内网IP', '{\"admin\":false,\"createTime\":\"2024-11-30 10:29:36\",\"dataScope\":\"2\",\"delFlag\":\"0\",\"deptCheckStrictly\":true,\"flag\":false,\"menuCheckStrictly\":false,\"menuIds\":[2000,2001,2002,2003,2004,2005,2006,2007,2008],\"params\":{},\"remark\":\"普通角色\",\"roleId\":2,\"roleKey\":\"common\",\"roleName\":\"普通角色\",\"roleSort\":2,\"status\":\"0\",\"updateBy\":\"admin\"}', '{\"msg\":\"操作成功\",\"code\":200}', 0, NULL, '2024-12-02 10:02:19', 23);
INSERT INTO `sys_oper_log` VALUES (156, '角色管理', 2, 'com.ruoyi.web.controller.system.SysRoleController.edit()', 'PUT', 1, 'admin', '研发部门', '/system/role', '127.0.0.1', '内网IP', '{\"admin\":false,\"createTime\":\"2024-12-01 16:31:13\",\"dataScope\":\"1\",\"delFlag\":\"0\",\"deptCheckStrictly\":true,\"flag\":false,\"menuCheckStrictly\":false,\"menuIds\":[2000,2001,2002,2003,2004,2005,2009],\"params\":{},\"roleId\":3,\"roleKey\":\"reviewer\",\"roleName\":\"审核员\",\"roleSort\":1,\"status\":\"0\",\"updateBy\":\"admin\"}', '{\"msg\":\"操作成功\",\"code\":200}', 0, NULL, '2024-12-02 10:02:37', 16);
INSERT INTO `sys_oper_log` VALUES (157, '角色管理', 2, 'com.ruoyi.web.controller.system.SysRoleController.dataScope()', 'PUT', 1, 'admin', '研发部门', '/system/role/dataScope', '127.0.0.1', '内网IP', '{\"admin\":false,\"createTime\":\"2024-11-30 10:29:36\",\"dataScope\":\"2\",\"delFlag\":\"0\",\"deptCheckStrictly\":true,\"deptIds\":[100,101,103,104,105,106,107,102,108,109],\"flag\":false,\"menuCheckStrictly\":false,\"params\":{},\"remark\":\"普通角色\",\"roleId\":2,\"roleKey\":\"common\",\"roleName\":\"普通角色\",\"roleSort\":2,\"status\":\"0\"}', '{\"msg\":\"操作成功\",\"code\":200}', 0, NULL, '2024-12-02 10:30:02', 116);
INSERT INTO `sys_oper_log` VALUES (158, '角色管理', 2, 'com.ruoyi.web.controller.system.SysRoleController.dataScope()', 'PUT', 1, 'admin', '研发部门', '/system/role/dataScope', '127.0.0.1', '内网IP', '{\"admin\":false,\"createTime\":\"2024-11-30 10:29:36\",\"dataScope\":\"1\",\"delFlag\":\"0\",\"deptCheckStrictly\":true,\"deptIds\":[],\"flag\":false,\"menuCheckStrictly\":false,\"params\":{},\"remark\":\"普通角色\",\"roleId\":2,\"roleKey\":\"common\",\"roleName\":\"普通角色\",\"roleSort\":2,\"status\":\"0\"}', '{\"msg\":\"操作成功\",\"code\":200}', 0, NULL, '2024-12-02 10:30:13', 12);
INSERT INTO `sys_oper_log` VALUES (159, 'Visa Application Form', 2, 'com.ruoyi.visa.controller.VisaApplicationController.edit()', 'PUT', 1, 'user1', '若依科技', '/system/application', '127.0.0.1', '内网IP', '{\"academicResultImg\":\"http://localhost:8080/profile/upload/2024/12/01/454V6tRKpngz13a7017aa90601f7cfb37fdd4363512a_20241201155041A011.png\",\"applicantId\":3,\"applicationLocation\":\"2\",\"attendanceReportImg\":\"http://localhost:8080/profile/upload/2024/12/01/indexBg1_20241201155048A013.jpg\",\"boardingPassImg\":\"http://localhost:8080/profile/upload/2024/12/01/454V6tRKpngz13a7017aa90601f7cfb37fdd4363512a_20241201152807A001.png\",\"courseLevel\":\"2\",\"courseName\":\"123\",\"createdAt\":\"2024-11-30\",\"currentPassType\":\"2\",\"currentPassValidity\":\"2024-11-28\",\"dateOfBirth\":\"2024-11-28\",\"email\":\"123@qq.com\",\"emgsPaymentImg\":\"http://localhost:8080/profile/upload/2024/12/01/show1_20241201155023A010.jpg\",\"facultyName\":\"123\",\"id\":1,\"insuranceCompany\":\"123\",\"insuranceCoverNoteImg\":\"http://localhost:8080/profile/upload/2024/12/01/class_03871408ef90dc0c4b3023609710_20241201155043A012.png\",\"lastEntryDate\":\"2024-11-14\",\"malaysiaAddress\":\"123123\",\"maritalStatus\":\"2\",\"matricNumber\":\"12123\",\"mobileNumber\":\"1231\",\"name\":\"123\",\"nationality\":\"123\",\"oldPassportImg\":\"http://localhost:8080/profile/upload/2024/12/01/login_20241201155007A006.png\",\"overseasAddress\":\"123\",\"params\":{},\"passportImg\":\"http://localhost:8080/profile/upload/2024/12/01/7YS6oObzVMEUdfb81225d5ed6712573b449f88d218ee_20241201154956A005.jpg\",\"passportNumber\":\"123\",\"progressReportImg\":\"http://localhost:8080/profile/upload/2024/12/01/register_20241201155019A009.png\",\"registrationSlipImg\":\"http://localhost:8080/profile/upload/2024/12/01/hRAWQjaHtT1013a7017aa90601f7cfb37fdd4363512a_20241201155010A007.png\",\"remarks\":\"\",\"reviewerId\":5,\"sponsorshipStatus\":\"1\",\"status\":\"REJECTED\",\"studyStatus\":\"123\",\"supervisorName\":\"123\",\"supportingLetterImg\":\"http://localhost:8080/profile/upload/2024/12/01/DqgNYRqRxlp3a3e3c8f61be1f6d840bd6be4d1e95451_20241201155013A008.jpg\",\"travelDocumentExpiryDate\":\"2024-11-07\",\"travelDocumentIssueDate\":\"2024-11-21\",\"travelDocumentType\":\"2\",\"updatedAt\":\"2024-12-02\",\"upmPaymentImg\":\"http://localhost:8080/profile/upload/2024/12/01/', '{\"msg\":\"操作成功\",\"code\":200}', 0, NULL, '2024-12-02 10:46:50', 18);
INSERT INTO `sys_oper_log` VALUES (160, 'Visa Application Form', 5, 'com.ruoyi.visa.controller.VisaApplicationController.export()', 'POST', 1, 'review1', '若依科技', '/system/application/export', '127.0.0.1', '内网IP', '{\"pageSize\":\"10\",\"pageNum\":\"1\"}', NULL, 0, NULL, '2024-12-02 10:47:44', 637);
INSERT INTO `sys_oper_log` VALUES (161, 'Visa Application Form', 2, 'com.ruoyi.visa.controller.VisaApplicationController.edit()', 'PUT', 1, 'user1', '若依科技', '/system/application', '127.0.0.1', '内网IP', '{\"academicResultImg\":\"http://localhost:8080/profile/upload/2024/12/01/454V6tRKpngz13a7017aa90601f7cfb37fdd4363512a_20241201155041A011.png\",\"applicantId\":3,\"applicationLocation\":\"2\",\"attendanceReportImg\":\"http://localhost:8080/profile/upload/2024/12/01/indexBg1_20241201155048A013.jpg\",\"boardingPassImg\":\"http://localhost:8080/profile/upload/2024/12/01/454V6tRKpngz13a7017aa90601f7cfb37fdd4363512a_20241201152807A001.png\",\"courseLevel\":\"2\",\"courseName\":\"123\",\"createdAt\":\"2024-11-30\",\"currentPassType\":\"2\",\"currentPassValidity\":\"2024-11-28\",\"dateOfBirth\":\"2024-11-28\",\"email\":\"123@qq.com\",\"emgsPaymentImg\":\"http://localhost:8080/profile/upload/2024/12/01/show1_20241201155023A010.jpg\",\"facultyName\":\"123\",\"id\":1,\"insuranceCompany\":\"123\",\"insuranceCoverNoteImg\":\"http://localhost:8080/profile/upload/2024/12/01/class_03871408ef90dc0c4b3023609710_20241201155043A012.png\",\"lastEntryDate\":\"2024-11-14\",\"malaysiaAddress\":\"123123\",\"maritalStatus\":\"2\",\"matricNumber\":\"12123\",\"mobileNumber\":\"1231\",\"name\":\"123\",\"nationality\":\"123\",\"oldPassportImg\":\"http://localhost:8080/profile/upload/2024/12/01/login_20241201155007A006.png\",\"overseasAddress\":\"123\",\"params\":{},\"passportImg\":\"http://localhost:8080/profile/upload/2024/12/01/7YS6oObzVMEUdfb81225d5ed6712573b449f88d218ee_20241201154956A005.jpg\",\"passportNumber\":\"123\",\"progressReportImg\":\"http://localhost:8080/profile/upload/2024/12/01/register_20241201155019A009.png\",\"registrationSlipImg\":\"http://localhost:8080/profile/upload/2024/12/01/hRAWQjaHtT1013a7017aa90601f7cfb37fdd4363512a_20241201155010A007.png\",\"remarks\":\"\",\"reviewerId\":5,\"sponsorshipStatus\":\"1\",\"status\":\"SUBMITTED\",\"studyStatus\":\"123\",\"supervisorName\":\"123\",\"supportingLetterImg\":\"http://localhost:8080/profile/upload/2024/12/01/DqgNYRqRxlp3a3e3c8f61be1f6d840bd6be4d1e95451_20241201155013A008.jpg\",\"travelDocumentExpiryDate\":\"2024-11-07\",\"travelDocumentIssueDate\":\"2024-11-21\",\"travelDocumentType\":\"2\",\"updatedAt\":\"2024-12-02\",\"upmPaymentImg\":\"http://localhost:8080/profile/upload/2024/12/01', '{\"msg\":\"操作成功\",\"code\":200}', 0, NULL, '2024-12-02 10:47:57', 19);
INSERT INTO `sys_oper_log` VALUES (162, 'Visa Application Form', 2, 'com.ruoyi.visa.controller.VisaApplicationController.edit()', 'PUT', 1, 'user1', '若依科技', '/system/application', '127.0.0.1', '内网IP', '{\"academicResultImg\":\"http://localhost:8080/profile/upload/2024/12/01/454V6tRKpngz13a7017aa90601f7cfb37fdd4363512a_20241201155041A011.png\",\"applicantId\":3,\"applicationLocation\":\"2\",\"attendanceReportImg\":\"http://localhost:8080/profile/upload/2024/12/01/indexBg1_20241201155048A013.jpg\",\"boardingPassImg\":\"http://localhost:8080/profile/upload/2024/12/01/454V6tRKpngz13a7017aa90601f7cfb37fdd4363512a_20241201152807A001.png\",\"courseLevel\":\"2\",\"courseName\":\"123\",\"createdAt\":\"2024-11-30\",\"currentPassType\":\"2\",\"currentPassValidity\":\"2024-11-28\",\"dateOfBirth\":\"2024-11-28\",\"email\":\"123@qq.com\",\"emgsPaymentImg\":\"http://localhost:8080/profile/upload/2024/12/01/show1_20241201155023A010.jpg\",\"facultyName\":\"123\",\"id\":1,\"insuranceCompany\":\"123\",\"insuranceCoverNoteImg\":\"http://localhost:8080/profile/upload/2024/12/01/class_03871408ef90dc0c4b3023609710_20241201155043A012.png\",\"lastEntryDate\":\"2024-11-14\",\"malaysiaAddress\":\"123123\",\"maritalStatus\":\"2\",\"matricNumber\":\"12123\",\"mobileNumber\":\"1231\",\"name\":\"123\",\"nationality\":\"123\",\"oldPassportImg\":\"http://localhost:8080/profile/upload/2024/12/01/login_20241201155007A006.png\",\"overseasAddress\":\"123\",\"params\":{},\"passportImg\":\"http://localhost:8080/profile/upload/2024/12/01/7YS6oObzVMEUdfb81225d5ed6712573b449f88d218ee_20241201154956A005.jpg\",\"passportNumber\":\"123\",\"progressReportImg\":\"http://localhost:8080/profile/upload/2024/12/01/register_20241201155019A009.png\",\"registrationSlipImg\":\"http://localhost:8080/profile/upload/2024/12/01/hRAWQjaHtT1013a7017aa90601f7cfb37fdd4363512a_20241201155010A007.png\",\"remarks\":\"123123\",\"reviewerId\":5,\"sponsorshipStatus\":\"1\",\"status\":\"UNDER_REVIEW\",\"studyStatus\":\"123\",\"supervisorName\":\"123\",\"supportingLetterImg\":\"http://localhost:8080/profile/upload/2024/12/01/DqgNYRqRxlp3a3e3c8f61be1f6d840bd6be4d1e95451_20241201155013A008.jpg\",\"travelDocumentExpiryDate\":\"2024-11-07\",\"travelDocumentIssueDate\":\"2024-11-21\",\"travelDocumentType\":\"2\",\"updatedAt\":\"2024-12-02\",\"upmPaymentImg\":\"http://localhost:8080/profile/upload/2', '{\"msg\":\"操作成功\",\"code\":200}', 0, NULL, '2024-12-02 10:49:57', 23);
INSERT INTO `sys_oper_log` VALUES (163, '个人信息', 2, 'com.ruoyi.web.controller.system.SysProfileController.updateProfile()', 'PUT', 1, 'user1', '若依科技', '/system/user/profile', '127.0.0.1', '内网IP', '{\"admin\":false,\"email\":\"xv1561211761@gmail.com\",\"nickName\":\"张三\",\"params\":{},\"phonenumber\":\"17852583694\",\"sex\":\"0\"}', '{\"msg\":\"操作成功\",\"code\":200}', 0, NULL, '2024-12-02 14:50:57', 23);
INSERT INTO `sys_oper_log` VALUES (164, 'Visa Application Form', 5, 'com.ruoyi.visa.controller.VisaApplicationController.export()', 'POST', 1, 'review1', '若依科技', '/system/application/export', '127.0.0.1', '内网IP', '{\"pageSize\":\"10\",\"pageNum\":\"1\"}', NULL, 0, NULL, '2024-12-02 14:58:13', 568);
INSERT INTO `sys_oper_log` VALUES (165, 'Visa Application Form', 2, 'com.ruoyi.visa.controller.VisaApplicationController.edit()', 'PUT', 1, 'user1', '若依科技', '/system/application', '127.0.0.1', '内网IP', '{\"academicResultImg\":\"http://localhost:8080/profile/upload/2024/12/01/454V6tRKpngz13a7017aa90601f7cfb37fdd4363512a_20241201155041A011.png\",\"applicantId\":3,\"applicationLocation\":\"2\",\"attendanceReportImg\":\"http://localhost:8080/profile/upload/2024/12/01/indexBg1_20241201155048A013.jpg\",\"boardingPassImg\":\"http://localhost:8080/profile/upload/2024/12/01/454V6tRKpngz13a7017aa90601f7cfb37fdd4363512a_20241201152807A001.png\",\"courseLevel\":\"2\",\"courseName\":\"123\",\"createdAt\":\"2024-11-30\",\"currentPassType\":\"2\",\"currentPassValidity\":\"2024-11-28\",\"dateOfBirth\":\"2024-11-28\",\"email\":\"123@qq.com\",\"emgsPaymentImg\":\"http://localhost:8080/profile/upload/2024/12/01/show1_20241201155023A010.jpg\",\"facultyName\":\"123\",\"id\":1,\"insuranceCompany\":\"123\",\"insuranceCoverNoteImg\":\"http://localhost:8080/profile/upload/2024/12/01/class_03871408ef90dc0c4b3023609710_20241201155043A012.png\",\"lastEntryDate\":\"2024-11-14\",\"malaysiaAddress\":\"123123\",\"maritalStatus\":\"2\",\"matricNumber\":\"12123\",\"mobileNumber\":\"1231\",\"name\":\"123\",\"nationality\":\"123\",\"oldPassportImg\":\"http://localhost:8080/profile/upload/2024/12/01/login_20241201155007A006.png\",\"overseasAddress\":\"123\",\"params\":{},\"passportImg\":\"http://localhost:8080/profile/upload/2024/12/01/7YS6oObzVMEUdfb81225d5ed6712573b449f88d218ee_20241201154956A005.jpg\",\"passportNumber\":\"123\",\"progressReportImg\":\"http://localhost:8080/profile/upload/2024/12/01/register_20241201155019A009.png\",\"registrationSlipImg\":\"http://localhost:8080/profile/upload/2024/12/01/hRAWQjaHtT1013a7017aa90601f7cfb37fdd4363512a_20241201155010A007.png\",\"remarks\":\"拒绝的理由\",\"reviewerId\":5,\"sponsorshipStatus\":\"1\",\"status\":\"UNDER_REVIEW\",\"studyStatus\":\"123\",\"supervisorName\":\"123\",\"supportingLetterImg\":\"http://localhost:8080/profile/upload/2024/12/01/DqgNYRqRxlp3a3e3c8f61be1f6d840bd6be4d1e95451_20241201155013A008.jpg\",\"travelDocumentExpiryDate\":\"2024-11-07\",\"travelDocumentIssueDate\":\"2024-11-21\",\"travelDocumentType\":\"2\",\"updatedAt\":\"2024-12-02\",\"upmPaymentImg\":\"http://localhost:8080/profile/upload/20', '{\"msg\":\"操作成功\",\"code\":200}', 0, NULL, '2024-12-02 14:59:14', 16);
INSERT INTO `sys_oper_log` VALUES (166, 'Visa Application Form', 5, 'com.ruoyi.visa.controller.VisaApplicationController.export()', 'POST', 1, 'user1', '若依科技', '/system/application/export', '127.0.0.1', '内网IP', '{\"pageSize\":\"10\",\"pageNum\":\"1\"}', NULL, 0, NULL, '2024-12-02 14:59:26', 27);
INSERT INTO `sys_oper_log` VALUES (167, '用户头像', 2, 'com.ruoyi.web.controller.system.SysProfileController.avatar()', 'POST', 1, 'review1', '若依科技', '/system/user/profile/avatar', '127.0.0.1', '内网IP', '', '{\"msg\":\"操作成功\",\"imgUrl\":\"/profile/avatar/2024/12/04/class_03871408ef90dc0c4b3023609710_20241204000233A001.png\",\"code\":200}', 0, NULL, '2024-12-04 00:02:33', 99);
INSERT INTO `sys_oper_log` VALUES (168, '用户头像', 2, 'com.ruoyi.web.controller.system.SysProfileController.avatar()', 'POST', 1, 'review1', '若依科技', '/system/user/profile/avatar', '127.0.0.1', '内网IP', '', '{\"msg\":\"操作成功\",\"imgUrl\":\"/profile/avatar/2024/12/04/images_20241204112407A001.jpeg\",\"code\":200}', 0, NULL, '2024-12-04 11:24:07', 118);
INSERT INTO `sys_oper_log` VALUES (169, '个人信息', 2, 'com.ruoyi.web.controller.system.SysProfileController.updateProfile()', 'PUT', 1, 'review1', '若依科技', '/system/user/profile', '127.0.0.1', '内网IP', '{\"admin\":false,\"email\":\"xv15611761@gmail.com\",\"nickName\":\"审核员1\",\"params\":{},\"phonenumber\":\"17846339983\",\"sex\":\"0\"}', '{\"msg\":\"操作成功\",\"code\":200}', 0, NULL, '2024-12-04 11:24:11', 13);
INSERT INTO `sys_oper_log` VALUES (170, '菜单管理', 1, 'com.ruoyi.web.controller.system.SysMenuController.add()', 'POST', 1, 'admin', '研发部门', '/system/menu', '127.0.0.1', '内网IP', '{\"children\":[],\"createBy\":\"admin\",\"icon\":\"date\",\"isCache\":\"0\",\"isFrame\":\"1\",\"menuName\":\"Appointment\",\"menuType\":\"M\",\"orderNum\":1,\"params\":{},\"parentId\":0,\"path\":\"appointment\",\"status\":\"0\",\"visible\":\"0\"}', '{\"msg\":\"操作成功\",\"code\":200}', 0, NULL, '2024-12-18 17:43:35', 40);
INSERT INTO `sys_oper_log` VALUES (171, '菜单管理', 2, 'com.ruoyi.web.controller.system.SysMenuController.edit()', 'PUT', 1, 'admin', '研发部门', '/system/menu', '127.0.0.1', '内网IP', '{\"children\":[],\"createTime\":\"2024-12-18 17:43:34\",\"icon\":\"date\",\"isCache\":\"0\",\"isFrame\":\"1\",\"menuId\":2011,\"menuName\":\"Appointment\",\"menuType\":\"M\",\"orderNum\":1,\"params\":{},\"parentId\":0,\"path\":\"appointment\",\"perms\":\"\",\"routeName\":\"\",\"status\":\"0\",\"updateBy\":\"admin\",\"visible\":\"0\"}', '{\"msg\":\"操作成功\",\"code\":200}', 0, NULL, '2024-12-18 17:43:54', 27);
INSERT INTO `sys_oper_log` VALUES (172, '菜单管理', 1, 'com.ruoyi.web.controller.system.SysMenuController.add()', 'POST', 1, 'admin', '研发部门', '/system/menu', '127.0.0.1', '内网IP', '{\"children\":[],\"component\":\"appointment/Record\",\"createBy\":\"admin\",\"isCache\":\"0\",\"isFrame\":\"1\",\"menuName\":\"预约\",\"menuType\":\"C\",\"orderNum\":1,\"params\":{},\"parentId\":2011,\"path\":\"Record\",\"status\":\"0\",\"visible\":\"0\"}', '{\"msg\":\"操作成功\",\"code\":200}', 0, NULL, '2024-12-18 19:03:45', 41);
INSERT INTO `sys_oper_log` VALUES (173, '代码生成', 6, 'com.ruoyi.generator.controller.GenController.importTableSave()', 'POST', 1, 'admin', '研发部门', '/tool/gen/importTable', '127.0.0.1', '内网IP', '{\"tables\":\"visa_activity\"}', '{\"msg\":\"操作成功\",\"code\":200}', 0, NULL, '2025-01-05 03:48:29', 70);
INSERT INTO `sys_oper_log` VALUES (174, '代码生成', 2, 'com.ruoyi.generator.controller.GenController.editSave()', 'PUT', 1, 'admin', '研发部门', '/tool/gen', '127.0.0.1', '内网IP', '{\"businessName\":\"activity\",\"className\":\"VisaActivity\",\"columns\":[{\"capJavaField\":\"Id\",\"columnComment\":\"Primary key ID\",\"columnId\":80,\"columnName\":\"id\",\"columnType\":\"bigint\",\"createBy\":\"admin\",\"createTime\":\"2025-01-05 03:48:29\",\"edit\":false,\"htmlType\":\"input\",\"increment\":true,\"insert\":false,\"isIncrement\":\"1\",\"isInsert\":\"0\",\"isPk\":\"1\",\"isRequired\":\"0\",\"javaField\":\"id\",\"javaType\":\"Long\",\"list\":false,\"params\":{},\"pk\":true,\"query\":false,\"queryType\":\"EQ\",\"required\":false,\"sort\":1,\"superColumn\":false,\"tableId\":4,\"updateBy\":\"\",\"usableColumn\":false},{\"capJavaField\":\"ActivityName\",\"columnComment\":\"Name of the activity\",\"columnId\":81,\"columnName\":\"activity_name\",\"columnType\":\"varchar(255)\",\"createBy\":\"admin\",\"createTime\":\"2025-01-05 03:48:29\",\"dictType\":\"\",\"edit\":true,\"htmlType\":\"input\",\"increment\":false,\"insert\":true,\"isEdit\":\"1\",\"isIncrement\":\"0\",\"isInsert\":\"1\",\"isList\":\"1\",\"isPk\":\"0\",\"isQuery\":\"1\",\"isRequired\":\"1\",\"javaField\":\"activityName\",\"javaType\":\"String\",\"list\":true,\"params\":{},\"pk\":false,\"query\":true,\"queryType\":\"LIKE\",\"required\":true,\"sort\":2,\"superColumn\":false,\"tableId\":4,\"updateBy\":\"\",\"usableColumn\":false},{\"capJavaField\":\"ActivityContent\",\"columnComment\":\"Content of the activity\",\"columnId\":82,\"columnName\":\"activity_content\",\"columnType\":\"text\",\"createBy\":\"admin\",\"createTime\":\"2025-01-05 03:48:29\",\"dictType\":\"\",\"edit\":true,\"htmlType\":\"editor\",\"increment\":false,\"insert\":true,\"isEdit\":\"1\",\"isIncrement\":\"0\",\"isInsert\":\"1\",\"isList\":\"1\",\"isPk\":\"0\",\"isQuery\":\"1\",\"isRequired\":\"0\",\"javaField\":\"activityContent\",\"javaType\":\"String\",\"list\":true,\"params\":{},\"pk\":false,\"query\":true,\"queryType\":\"LIKE\",\"required\":false,\"sort\":3,\"superColumn\":false,\"tableId\":4,\"updateBy\":\"\",\"usableColumn\":false},{\"capJavaField\":\"OpenTime\",\"columnComment\":\"Time when the activity is open\",\"columnId\":83,\"columnName\":\"open_time\",\"columnType\":\"datetime\",\"createBy\":\"admin\",\"createTime\":\"2025-01-05 03:48:29\",\"dictType\":\"\",\"edit\":true,\"htmlType\":\"datetime\",\"increment\":false,\"insert\":true,\"isEdit\":\"1\",\"', '{\"msg\":\"操作成功\",\"code\":200}', 0, NULL, '2025-01-05 03:57:22', 42);
INSERT INTO `sys_oper_log` VALUES (175, '代码生成', 2, 'com.ruoyi.generator.controller.GenController.editSave()', 'PUT', 1, 'admin', '研发部门', '/tool/gen', '127.0.0.1', '内网IP', '{\"businessName\":\"activity\",\"className\":\"VisaActivity\",\"columns\":[{\"capJavaField\":\"Id\",\"columnComment\":\"Primary key ID\",\"columnId\":80,\"columnName\":\"id\",\"columnType\":\"bigint\",\"createBy\":\"admin\",\"createTime\":\"2025-01-05 03:48:29\",\"dictType\":\"\",\"edit\":false,\"htmlType\":\"input\",\"increment\":true,\"insert\":false,\"isIncrement\":\"1\",\"isInsert\":\"0\",\"isPk\":\"1\",\"isRequired\":\"0\",\"javaField\":\"id\",\"javaType\":\"Long\",\"list\":false,\"params\":{},\"pk\":true,\"query\":false,\"queryType\":\"EQ\",\"required\":false,\"sort\":1,\"superColumn\":false,\"tableId\":4,\"updateBy\":\"\",\"updateTime\":\"2025-01-05 03:57:22\",\"usableColumn\":false},{\"capJavaField\":\"ActivityName\",\"columnComment\":\"Name of the activity\",\"columnId\":81,\"columnName\":\"activity_name\",\"columnType\":\"varchar(255)\",\"createBy\":\"admin\",\"createTime\":\"2025-01-05 03:48:29\",\"dictType\":\"\",\"edit\":true,\"htmlType\":\"input\",\"increment\":false,\"insert\":true,\"isEdit\":\"1\",\"isIncrement\":\"0\",\"isInsert\":\"1\",\"isList\":\"1\",\"isPk\":\"0\",\"isQuery\":\"1\",\"isRequired\":\"1\",\"javaField\":\"activityName\",\"javaType\":\"String\",\"list\":true,\"params\":{},\"pk\":false,\"query\":true,\"queryType\":\"LIKE\",\"required\":true,\"sort\":2,\"superColumn\":false,\"tableId\":4,\"updateBy\":\"\",\"updateTime\":\"2025-01-05 03:57:22\",\"usableColumn\":false},{\"capJavaField\":\"ActivityContent\",\"columnComment\":\"Content of the activity\",\"columnId\":82,\"columnName\":\"activity_content\",\"columnType\":\"text\",\"createBy\":\"admin\",\"createTime\":\"2025-01-05 03:48:29\",\"dictType\":\"\",\"edit\":true,\"htmlType\":\"editor\",\"increment\":false,\"insert\":true,\"isEdit\":\"1\",\"isIncrement\":\"0\",\"isInsert\":\"1\",\"isList\":\"1\",\"isPk\":\"0\",\"isQuery\":\"1\",\"isRequired\":\"0\",\"javaField\":\"activityContent\",\"javaType\":\"String\",\"list\":true,\"params\":{},\"pk\":false,\"query\":true,\"queryType\":\"LIKE\",\"required\":false,\"sort\":3,\"superColumn\":false,\"tableId\":4,\"updateBy\":\"\",\"updateTime\":\"2025-01-05 03:57:22\",\"usableColumn\":false},{\"capJavaField\":\"OpenTime\",\"columnComment\":\"Time when the activity is open\",\"columnId\":83,\"columnName\":\"open_time\",\"columnType\":\"datetime\",\"createBy\":\"admin\",\"createTim', '{\"msg\":\"操作成功\",\"code\":200}', 0, NULL, '2025-01-05 03:59:50', 35);
INSERT INTO `sys_oper_log` VALUES (176, '代码生成', 2, 'com.ruoyi.generator.controller.GenController.editSave()', 'PUT', 1, 'admin', '研发部门', '/tool/gen', '127.0.0.1', '内网IP', '{\"businessName\":\"activity\",\"className\":\"VisaActivity\",\"columns\":[{\"capJavaField\":\"Id\",\"columnComment\":\"Primary key ID\",\"columnId\":80,\"columnName\":\"id\",\"columnType\":\"bigint\",\"createBy\":\"admin\",\"createTime\":\"2025-01-05 03:48:29\",\"dictType\":\"\",\"edit\":false,\"htmlType\":\"input\",\"increment\":true,\"insert\":false,\"isIncrement\":\"1\",\"isInsert\":\"0\",\"isPk\":\"1\",\"isRequired\":\"0\",\"javaField\":\"id\",\"javaType\":\"Long\",\"list\":false,\"params\":{},\"pk\":true,\"query\":false,\"queryType\":\"EQ\",\"required\":false,\"sort\":1,\"superColumn\":false,\"tableId\":4,\"updateBy\":\"\",\"updateTime\":\"2025-01-05 03:59:50\",\"usableColumn\":false},{\"capJavaField\":\"ActivityName\",\"columnComment\":\"Name of the activity\",\"columnId\":81,\"columnName\":\"activity_name\",\"columnType\":\"varchar(255)\",\"createBy\":\"admin\",\"createTime\":\"2025-01-05 03:48:29\",\"dictType\":\"\",\"edit\":true,\"htmlType\":\"input\",\"increment\":false,\"insert\":true,\"isEdit\":\"1\",\"isIncrement\":\"0\",\"isInsert\":\"1\",\"isList\":\"1\",\"isPk\":\"0\",\"isQuery\":\"1\",\"isRequired\":\"1\",\"javaField\":\"activityName\",\"javaType\":\"String\",\"list\":true,\"params\":{},\"pk\":false,\"query\":true,\"queryType\":\"LIKE\",\"required\":true,\"sort\":2,\"superColumn\":false,\"tableId\":4,\"updateBy\":\"\",\"updateTime\":\"2025-01-05 03:59:50\",\"usableColumn\":false},{\"capJavaField\":\"ActivityContent\",\"columnComment\":\"Content of the activity\",\"columnId\":82,\"columnName\":\"activity_content\",\"columnType\":\"text\",\"createBy\":\"admin\",\"createTime\":\"2025-01-05 03:48:29\",\"dictType\":\"\",\"edit\":true,\"htmlType\":\"editor\",\"increment\":false,\"insert\":true,\"isEdit\":\"1\",\"isIncrement\":\"0\",\"isInsert\":\"1\",\"isList\":\"1\",\"isPk\":\"0\",\"isQuery\":\"1\",\"isRequired\":\"0\",\"javaField\":\"activityContent\",\"javaType\":\"String\",\"list\":true,\"params\":{},\"pk\":false,\"query\":true,\"queryType\":\"LIKE\",\"required\":false,\"sort\":3,\"superColumn\":false,\"tableId\":4,\"updateBy\":\"\",\"updateTime\":\"2025-01-05 03:59:50\",\"usableColumn\":false},{\"capJavaField\":\"OpenTime\",\"columnComment\":\"Time when the activity is open\",\"columnId\":83,\"columnName\":\"open_time\",\"columnType\":\"datetime\",\"createBy\":\"admin\",\"createTim', '{\"msg\":\"操作成功\",\"code\":200}', 0, NULL, '2025-01-05 04:00:38', 30);
INSERT INTO `sys_oper_log` VALUES (177, '代码生成', 2, 'com.ruoyi.generator.controller.GenController.editSave()', 'PUT', 1, 'admin', '研发部门', '/tool/gen', '127.0.0.1', '内网IP', '{\"businessName\":\"activity\",\"className\":\"VisaActivity\",\"columns\":[{\"capJavaField\":\"Id\",\"columnComment\":\"Primary key ID\",\"columnId\":80,\"columnName\":\"id\",\"columnType\":\"bigint\",\"createBy\":\"admin\",\"createTime\":\"2025-01-05 03:48:29\",\"dictType\":\"\",\"edit\":false,\"htmlType\":\"input\",\"increment\":true,\"insert\":false,\"isIncrement\":\"1\",\"isInsert\":\"0\",\"isPk\":\"1\",\"isRequired\":\"0\",\"javaField\":\"id\",\"javaType\":\"Long\",\"list\":false,\"params\":{},\"pk\":true,\"query\":false,\"queryType\":\"EQ\",\"required\":false,\"sort\":1,\"superColumn\":false,\"tableId\":4,\"updateBy\":\"\",\"updateTime\":\"2025-01-05 04:00:38\",\"usableColumn\":false},{\"capJavaField\":\"ActivityName\",\"columnComment\":\"activity\'s name\",\"columnId\":81,\"columnName\":\"activity_name\",\"columnType\":\"varchar(255)\",\"createBy\":\"admin\",\"createTime\":\"2025-01-05 03:48:29\",\"dictType\":\"\",\"edit\":true,\"htmlType\":\"input\",\"increment\":false,\"insert\":true,\"isEdit\":\"1\",\"isIncrement\":\"0\",\"isInsert\":\"1\",\"isList\":\"1\",\"isPk\":\"0\",\"isQuery\":\"1\",\"isRequired\":\"1\",\"javaField\":\"activityName\",\"javaType\":\"String\",\"list\":true,\"params\":{},\"pk\":false,\"query\":true,\"queryType\":\"LIKE\",\"required\":true,\"sort\":2,\"superColumn\":false,\"tableId\":4,\"updateBy\":\"\",\"updateTime\":\"2025-01-05 04:00:38\",\"usableColumn\":false},{\"capJavaField\":\"ActivityContent\",\"columnComment\":\"Content of the activity\",\"columnId\":82,\"columnName\":\"activity_content\",\"columnType\":\"text\",\"createBy\":\"admin\",\"createTime\":\"2025-01-05 03:48:29\",\"dictType\":\"\",\"edit\":true,\"htmlType\":\"editor\",\"increment\":false,\"insert\":true,\"isEdit\":\"1\",\"isIncrement\":\"0\",\"isInsert\":\"1\",\"isList\":\"1\",\"isPk\":\"0\",\"isQuery\":\"1\",\"isRequired\":\"0\",\"javaField\":\"activityContent\",\"javaType\":\"String\",\"list\":true,\"params\":{},\"pk\":false,\"query\":true,\"queryType\":\"LIKE\",\"required\":false,\"sort\":3,\"superColumn\":false,\"tableId\":4,\"updateBy\":\"\",\"updateTime\":\"2025-01-05 04:00:38\",\"usableColumn\":false},{\"capJavaField\":\"OpenTime\",\"columnComment\":\"Open time\",\"columnId\":83,\"columnName\":\"open_time\",\"columnType\":\"datetime\",\"createBy\":\"admin\",\"createTime\":\"2025-01-05 03:48:29\",\"', '{\"msg\":\"操作成功\",\"code\":200}', 0, NULL, '2025-01-05 05:33:34', 32);
INSERT INTO `sys_oper_log` VALUES (178, '代码生成', 2, 'com.ruoyi.generator.controller.GenController.editSave()', 'PUT', 1, 'admin', '研发部门', '/tool/gen', '127.0.0.1', '内网IP', '{\"businessName\":\"activity\",\"className\":\"VisaActivity\",\"columns\":[{\"capJavaField\":\"Id\",\"columnComment\":\"Primary key ID\",\"columnId\":80,\"columnName\":\"id\",\"columnType\":\"bigint\",\"createBy\":\"admin\",\"createTime\":\"2025-01-05 03:48:29\",\"dictType\":\"\",\"edit\":false,\"htmlType\":\"input\",\"increment\":true,\"insert\":false,\"isIncrement\":\"1\",\"isInsert\":\"0\",\"isPk\":\"1\",\"isRequired\":\"0\",\"javaField\":\"id\",\"javaType\":\"Long\",\"list\":false,\"params\":{},\"pk\":true,\"query\":false,\"queryType\":\"EQ\",\"required\":false,\"sort\":1,\"superColumn\":false,\"tableId\":4,\"updateBy\":\"\",\"updateTime\":\"2025-01-05 05:33:34\",\"usableColumn\":false},{\"capJavaField\":\"ActivityName\",\"columnComment\":\"activity\'s name\",\"columnId\":81,\"columnName\":\"activity_name\",\"columnType\":\"varchar(255)\",\"createBy\":\"admin\",\"createTime\":\"2025-01-05 03:48:29\",\"dictType\":\"\",\"edit\":true,\"htmlType\":\"input\",\"increment\":false,\"insert\":true,\"isEdit\":\"1\",\"isIncrement\":\"0\",\"isInsert\":\"1\",\"isList\":\"1\",\"isPk\":\"0\",\"isQuery\":\"1\",\"isRequired\":\"1\",\"javaField\":\"activityName\",\"javaType\":\"String\",\"list\":true,\"params\":{},\"pk\":false,\"query\":true,\"queryType\":\"LIKE\",\"required\":true,\"sort\":2,\"superColumn\":false,\"tableId\":4,\"updateBy\":\"\",\"updateTime\":\"2025-01-05 05:33:34\",\"usableColumn\":false},{\"capJavaField\":\"ActivityContent\",\"columnComment\":\"Content of the activity\",\"columnId\":82,\"columnName\":\"activity_content\",\"columnType\":\"text\",\"createBy\":\"admin\",\"createTime\":\"2025-01-05 03:48:29\",\"dictType\":\"\",\"edit\":true,\"htmlType\":\"editor\",\"increment\":false,\"insert\":true,\"isEdit\":\"1\",\"isIncrement\":\"0\",\"isInsert\":\"1\",\"isList\":\"1\",\"isPk\":\"0\",\"isQuery\":\"1\",\"isRequired\":\"0\",\"javaField\":\"activityContent\",\"javaType\":\"String\",\"list\":true,\"params\":{},\"pk\":false,\"query\":true,\"queryType\":\"LIKE\",\"required\":false,\"sort\":3,\"superColumn\":false,\"tableId\":4,\"updateBy\":\"\",\"updateTime\":\"2025-01-05 05:33:34\",\"usableColumn\":false},{\"capJavaField\":\"OpenTime\",\"columnComment\":\"Open time\",\"columnId\":83,\"columnName\":\"open_time\",\"columnType\":\"datetime\",\"createBy\":\"admin\",\"createTime\":\"2025-01-05 03:48:29\",\"', '{\"msg\":\"操作成功\",\"code\":200}', 0, NULL, '2025-01-05 05:35:08', 42);
INSERT INTO `sys_oper_log` VALUES (179, '代码生成', 8, 'com.ruoyi.generator.controller.GenController.batchGenCode()', 'GET', 1, 'admin', '研发部门', '/tool/gen/batchGenCode', '127.0.0.1', '内网IP', '{\"tables\":\"visa_activity\"}', NULL, 0, NULL, '2025-01-05 05:35:17', 153);
INSERT INTO `sys_oper_log` VALUES (180, 'Activity list', 2, 'com.ruoyi.appointment.controller.VisaActivityController.edit()', 'PUT', 1, 'admin', '研发部门', '/activity_check/activity', '127.0.0.1', '内网IP', '{\"activityContent\":\"<p>Submit your visa application documents.</p>\",\"activityImage\":\"/profile/upload/2025/01/05/Screenshot 2023-04-04 213514_20250105061300A001.png\",\"activityName\":\"Visa Application Submission\",\"closeTime\":\"2025-01-10\",\"createBy\":\"admin\",\"createTime\":\"2025-01-05 03:17:32\",\"id\":1,\"openTime\":\"2025-01-10\",\"params\":{},\"remark\":\"Initial activity\",\"updateTime\":\"2025-01-05 06:13:08\"}', '{\"msg\":\"操作成功\",\"code\":200}', 0, NULL, '2025-01-05 06:13:08', 19);
INSERT INTO `sys_oper_log` VALUES (181, 'Activity list', 2, 'com.ruoyi.appointment.controller.VisaActivityController.edit()', 'PUT', 1, 'admin', '研发部门', '/activity_check/activity', '127.0.0.1', '内网IP', '{\"activityContent\":\"<p>Submit your visa application documents.</p>\",\"activityImage\":\"/profile/upload/2025/01/05/Screenshot 2023-04-04 213514_20250105061300A001.png\",\"activityName\":\"Visa Application Submission\",\"closeTime\":\"2025-01-10\",\"createBy\":\"admin\",\"createTime\":\"2025-01-05 03:17:32\",\"id\":1,\"openTime\":\"2025-01-06\",\"params\":{},\"remark\":\"Initial activity\",\"updateTime\":\"2025-01-05 06:16:49\"}', '{\"msg\":\"操作成功\",\"code\":200}', 0, NULL, '2025-01-05 06:16:50', 9);
INSERT INTO `sys_oper_log` VALUES (182, 'Activity list', 2, 'com.ruoyi.appointment.controller.VisaActivityController.edit()', 'PUT', 1, 'admin', '研发部门', '/activity_check/activity', '127.0.0.1', '内网IP', '{\"activityContent\":\"<p>Submit your visa application documents.</p>\",\"activityImage\":\"/profile/upload/2025/01/05/Screenshot 2023-04-04 213514_20250105061300A001.png\",\"activityName\":\"Visa Application Submission\",\"closeTime\":\"2025-01-05\",\"createBy\":\"admin\",\"createTime\":\"2025-01-05 03:17:32\",\"id\":1,\"openTime\":\"2025-01-05\",\"params\":{},\"remark\":\"Initial activity\",\"updateTime\":\"2025-01-05 06:19:16\"}', '{\"msg\":\"操作成功\",\"code\":200}', 0, NULL, '2025-01-05 06:19:17', 11);
INSERT INTO `sys_oper_log` VALUES (183, 'Activity list', 2, 'com.ruoyi.appointment.controller.VisaActivityController.edit()', 'PUT', 1, 'admin', '研发部门', '/activity_check/activity', '127.0.0.1', '内网IP', '{\"activityContent\":\"<p>Submit your visa application documents.</p>\",\"activityImage\":\"/profile/upload/2025/01/05/Screenshot 2023-04-04 213514_20250105061300A001.png\",\"activityName\":\"Visa Application Submission\",\"closeTime\":\"2025-01-05\",\"createBy\":\"admin\",\"createTime\":\"2025-01-05 03:17:32\",\"id\":1,\"openTime\":\"2025-01-05\",\"params\":{},\"remark\":\"Initial activity\",\"updateTime\":\"2025-01-05 06:19:29\"}', '{\"msg\":\"操作成功\",\"code\":200}', 0, NULL, '2025-01-05 06:19:29', 9);
INSERT INTO `sys_oper_log` VALUES (184, 'Activity list', 1, 'com.ruoyi.appointment.controller.VisaActivityController.add()', 'POST', 1, 'admin', '研发部门', '/activity_check/activity', '127.0.0.1', '内网IP', '{\"activityName\":\"123\",\"closeTime\":\"2025-01-05\",\"createTime\":\"2025-01-05 06:19:54\",\"id\":3,\"openTime\":\"2025-01-05\",\"params\":{}}', '{\"msg\":\"操作成功\",\"code\":200}', 0, NULL, '2025-01-05 06:19:54', 10);
INSERT INTO `sys_oper_log` VALUES (185, 'Activity list', 2, 'com.ruoyi.appointment.controller.VisaActivityController.edit()', 'PUT', 1, 'admin', '研发部门', '/activity_check/activity', '127.0.0.1', '内网IP', '{\"activityName\":\"123\",\"closeTime\":\"2025-01-05 00:00\",\"createTime\":\"2025-01-05 06:19:54\",\"id\":3,\"openTime\":\"2025-01-05 06:22\",\"params\":{},\"updateTime\":\"2025-01-05 06:22:41\"}', '{\"msg\":\"操作成功\",\"code\":200}', 0, NULL, '2025-01-05 06:22:41', 25);
INSERT INTO `sys_oper_log` VALUES (186, 'Activity list', 2, 'com.ruoyi.appointment.controller.VisaActivityController.edit()', 'PUT', 1, 'admin', '研发部门', '/activity_check/activity', '127.0.0.1', '内网IP', '{\"activityName\":\"123\",\"closeTime\":\"2025-01-05 06:22\",\"createTime\":\"2025-01-05 06:19:54\",\"id\":3,\"openTime\":\"2025-01-05 06:22\",\"params\":{},\"updateTime\":\"2025-01-05 06:22:45\"}', '{\"msg\":\"操作成功\",\"code\":200}', 0, NULL, '2025-01-05 06:22:45', 16);
INSERT INTO `sys_oper_log` VALUES (187, 'Activity list', 2, 'com.ruoyi.appointment.controller.VisaActivityController.edit()', 'PUT', 1, 'admin', '研发部门', '/activity_check/activity', '127.0.0.1', '内网IP', '{\"activityContent\":\"<p>Submit your visa application documents.</p>\",\"activityImage\":\"/profile/upload/2025/01/05/Screenshot 2023-04-04 213514_20250105061300A001.png\",\"activityName\":\"Visa Application Submission\",\"closeTime\":\"2025-01-05 00:00\",\"createBy\":\"admin\",\"createTime\":\"2025-01-05 03:17:32\",\"id\":1,\"openTime\":\"2025-01-05 06:22\",\"params\":{},\"remark\":\"Initial activity\",\"updateTime\":\"2025-01-05 06:22:52\"}', '{\"msg\":\"操作成功\",\"code\":200}', 0, NULL, '2025-01-05 06:22:52', 13);
INSERT INTO `sys_oper_log` VALUES (188, 'Activity list', 2, 'com.ruoyi.appointment.controller.VisaActivityController.edit()', 'PUT', 1, 'admin', '研发部门', '/activity_check/activity', '127.0.0.1', '内网IP', '{\"activityImage\":\"/profile/upload/2025/01/06/Screenshot 2023-04-05 143519_20250106115221A001.png\",\"activityName\":\"123\",\"closeTime\":\"2025-01-05 06:22\",\"createTime\":\"2025-01-05 06:19:54\",\"id\":3,\"openTime\":\"2025-01-05 06:22\",\"params\":{},\"updateTime\":\"2025-01-06 11:52:28\"}', '{\"msg\":\"操作成功\",\"code\":200}', 0, NULL, '2025-01-06 11:52:28', 25);
INSERT INTO `sys_oper_log` VALUES (189, '代码生成', 6, 'com.ruoyi.generator.controller.GenController.importTableSave()', 'POST', 1, 'admin', '研发部门', '/tool/gen/importTable', '127.0.0.1', '内网IP', '{\"tables\":\"visa_appointment\"}', '{\"msg\":\"操作成功\",\"code\":200}', 0, NULL, '2025-01-06 11:53:08', 150);
INSERT INTO `sys_oper_log` VALUES (190, '代码生成', 3, 'com.ruoyi.generator.controller.GenController.remove()', 'DELETE', 1, 'admin', '研发部门', '/tool/gen/5', '127.0.0.1', '内网IP', '[5]', '{\"msg\":\"操作成功\",\"code\":200}', 0, NULL, '2025-01-06 12:45:20', 35);
INSERT INTO `sys_oper_log` VALUES (191, '代码生成', 6, 'com.ruoyi.generator.controller.GenController.importTableSave()', 'POST', 1, 'admin', '研发部门', '/tool/gen/importTable', '127.0.0.1', '内网IP', '{\"tables\":\"visa_appointment\"}', '{\"msg\":\"操作成功\",\"code\":200}', 0, NULL, '2025-01-06 12:45:29', 151);
INSERT INTO `sys_oper_log` VALUES (192, '代码生成', 2, 'com.ruoyi.generator.controller.GenController.editSave()', 'PUT', 1, 'admin', '研发部门', '/tool/gen', '127.0.0.1', '内网IP', '{\"businessName\":\"appointment\",\"className\":\"VisaAppointment\",\"columns\":[{\"capJavaField\":\"Id\",\"columnComment\":\"Primary key ID\",\"columnId\":103,\"columnName\":\"id\",\"columnType\":\"bigint\",\"createBy\":\"admin\",\"createTime\":\"2025-01-06 12:45:29\",\"dictType\":\"\",\"edit\":false,\"htmlType\":\"input\",\"increment\":true,\"insert\":false,\"isIncrement\":\"1\",\"isInsert\":\"0\",\"isPk\":\"1\",\"isRequired\":\"0\",\"javaField\":\"id\",\"javaType\":\"Long\",\"list\":false,\"params\":{},\"pk\":true,\"query\":false,\"queryType\":\"EQ\",\"required\":false,\"sort\":1,\"superColumn\":false,\"tableId\":6,\"updateBy\":\"\",\"usableColumn\":false},{\"capJavaField\":\"ActivityId\",\"columnComment\":\"ID of the related activity\",\"columnId\":104,\"columnName\":\"activity_id\",\"columnType\":\"bigint\",\"createBy\":\"admin\",\"createTime\":\"2025-01-06 12:45:29\",\"dictType\":\"\",\"edit\":false,\"htmlType\":\"input\",\"increment\":false,\"insert\":false,\"isEdit\":\"0\",\"isIncrement\":\"0\",\"isInsert\":\"0\",\"isList\":\"1\",\"isPk\":\"0\",\"isQuery\":\"1\",\"isRequired\":\"1\",\"javaField\":\"activityId\",\"javaType\":\"Long\",\"list\":true,\"params\":{},\"pk\":false,\"query\":true,\"queryType\":\"EQ\",\"required\":true,\"sort\":2,\"superColumn\":false,\"tableId\":6,\"updateBy\":\"\",\"usableColumn\":false},{\"capJavaField\":\"AppointmentName\",\"columnComment\":\"Appointment name\",\"columnId\":105,\"columnName\":\"appointment_name\",\"columnType\":\"varchar(255)\",\"createBy\":\"admin\",\"createTime\":\"2025-01-06 12:45:29\",\"dictType\":\"\",\"edit\":false,\"htmlType\":\"input\",\"increment\":false,\"insert\":false,\"isEdit\":\"0\",\"isIncrement\":\"0\",\"isInsert\":\"0\",\"isList\":\"1\",\"isPk\":\"0\",\"isQuery\":\"1\",\"isRequired\":\"1\",\"javaField\":\"appointmentName\",\"javaType\":\"String\",\"list\":true,\"params\":{},\"pk\":false,\"query\":true,\"queryType\":\"LIKE\",\"required\":true,\"sort\":3,\"superColumn\":false,\"tableId\":6,\"updateBy\":\"\",\"usableColumn\":false},{\"capJavaField\":\"UserId\",\"columnComment\":\"User ID\",\"columnId\":106,\"columnName\":\"user_id\",\"columnType\":\"bigint\",\"createBy\":\"admin\",\"createTime\":\"2025-01-06 12:45:29\",\"dictType\":\"\",\"edit\":false,\"htmlType\":\"input\",\"increment\":false,\"insert\":false,\"isEdit\":\"0\",\"isIncrement\":', '{\"msg\":\"操作成功\",\"code\":200}', 0, NULL, '2025-01-06 12:55:54', 127);
INSERT INTO `sys_oper_log` VALUES (193, '代码生成', 2, 'com.ruoyi.generator.controller.GenController.editSave()', 'PUT', 1, 'admin', '研发部门', '/tool/gen', '127.0.0.1', '内网IP', '{\"businessName\":\"appointment_record\",\"className\":\"VisaAppointment\",\"columns\":[{\"capJavaField\":\"Id\",\"columnComment\":\"Primary key ID\",\"columnId\":103,\"columnName\":\"id\",\"columnType\":\"bigint\",\"createBy\":\"admin\",\"createTime\":\"2025-01-06 12:45:29\",\"dictType\":\"\",\"edit\":false,\"htmlType\":\"input\",\"increment\":true,\"insert\":false,\"isIncrement\":\"1\",\"isInsert\":\"0\",\"isPk\":\"1\",\"isRequired\":\"0\",\"javaField\":\"id\",\"javaType\":\"Long\",\"list\":false,\"params\":{},\"pk\":true,\"query\":false,\"queryType\":\"EQ\",\"required\":false,\"sort\":1,\"superColumn\":false,\"tableId\":6,\"updateBy\":\"\",\"updateTime\":\"2025-01-06 12:55:54\",\"usableColumn\":false},{\"capJavaField\":\"ActivityId\",\"columnComment\":\"ID of the related activity\",\"columnId\":104,\"columnName\":\"activity_id\",\"columnType\":\"bigint\",\"createBy\":\"admin\",\"createTime\":\"2025-01-06 12:45:29\",\"dictType\":\"\",\"edit\":false,\"htmlType\":\"input\",\"increment\":false,\"insert\":false,\"isEdit\":\"0\",\"isIncrement\":\"0\",\"isInsert\":\"0\",\"isList\":\"1\",\"isPk\":\"0\",\"isQuery\":\"1\",\"isRequired\":\"1\",\"javaField\":\"activityId\",\"javaType\":\"Long\",\"list\":true,\"params\":{},\"pk\":false,\"query\":true,\"queryType\":\"EQ\",\"required\":true,\"sort\":2,\"superColumn\":false,\"tableId\":6,\"updateBy\":\"\",\"updateTime\":\"2025-01-06 12:55:54\",\"usableColumn\":false},{\"capJavaField\":\"AppointmentName\",\"columnComment\":\"Appointment name\",\"columnId\":105,\"columnName\":\"appointment_name\",\"columnType\":\"varchar(255)\",\"createBy\":\"admin\",\"createTime\":\"2025-01-06 12:45:29\",\"dictType\":\"\",\"edit\":false,\"htmlType\":\"input\",\"increment\":false,\"insert\":false,\"isEdit\":\"0\",\"isIncrement\":\"0\",\"isInsert\":\"0\",\"isList\":\"1\",\"isPk\":\"0\",\"isQuery\":\"1\",\"isRequired\":\"1\",\"javaField\":\"appointmentName\",\"javaType\":\"String\",\"list\":true,\"params\":{},\"pk\":false,\"query\":true,\"queryType\":\"LIKE\",\"required\":true,\"sort\":3,\"superColumn\":false,\"tableId\":6,\"updateBy\":\"\",\"updateTime\":\"2025-01-06 12:55:54\",\"usableColumn\":false},{\"capJavaField\":\"UserId\",\"columnComment\":\"User ID\",\"columnId\":106,\"columnName\":\"user_id\",\"columnType\":\"bigint\",\"createBy\":\"admin\",\"createTime\":\"2025-01-06 12:4', '{\"msg\":\"操作成功\",\"code\":200}', 0, NULL, '2025-01-06 12:57:49', 70);
INSERT INTO `sys_oper_log` VALUES (194, '字典类型', 1, 'com.ruoyi.web.controller.system.SysDictTypeController.add()', 'POST', 1, 'admin', '研发部门', '/system/dict/type', '127.0.0.1', '内网IP', '{\"createBy\":\"admin\",\"dictName\":\"预约时间\",\"dictType\":\"visa_appointment_time\",\"params\":{},\"status\":\"0\"}', '{\"msg\":\"操作成功\",\"code\":200}', 0, NULL, '2025-01-07 01:59:46', 14);
INSERT INTO `sys_oper_log` VALUES (195, '字典数据', 1, 'com.ruoyi.web.controller.system.SysDictDataController.add()', 'POST', 1, 'admin', '研发部门', '/system/dict/data', '127.0.0.1', '内网IP', '{\"createBy\":\"admin\",\"default\":false,\"dictLabel\":\"9:00-10:00\",\"dictSort\":1,\"dictType\":\"visa_appointment_time\",\"dictValue\":\"1\",\"listClass\":\"default\",\"params\":{},\"status\":\"0\"}', '{\"msg\":\"操作成功\",\"code\":200}', 0, NULL, '2025-01-07 02:03:21', 10);
INSERT INTO `sys_oper_log` VALUES (196, '字典数据', 2, 'com.ruoyi.web.controller.system.SysDictDataController.edit()', 'PUT', 1, 'admin', '研发部门', '/system/dict/data', '127.0.0.1', '内网IP', '{\"createBy\":\"admin\",\"createTime\":\"2025-01-07 02:03:21\",\"default\":false,\"dictCode\":30,\"dictLabel\":\"9:00-9:30\",\"dictSort\":1,\"dictType\":\"visa_appointment_time\",\"dictValue\":\"1\",\"isDefault\":\"N\",\"listClass\":\"default\",\"params\":{},\"status\":\"0\",\"updateBy\":\"admin\"}', '{\"msg\":\"操作成功\",\"code\":200}', 0, NULL, '2025-01-07 02:04:22', 8);
INSERT INTO `sys_oper_log` VALUES (197, '字典数据', 1, 'com.ruoyi.web.controller.system.SysDictDataController.add()', 'POST', 1, 'admin', '研发部门', '/system/dict/data', '127.0.0.1', '内网IP', '{\"createBy\":\"admin\",\"default\":false,\"dictLabel\":\"9:30-10:00\",\"dictSort\":2,\"dictType\":\"visa_appointment_time\",\"dictValue\":\"2\",\"listClass\":\"default\",\"params\":{},\"status\":\"0\"}', '{\"msg\":\"操作成功\",\"code\":200}', 0, NULL, '2025-01-07 02:04:37', 12);
INSERT INTO `sys_oper_log` VALUES (198, '字典数据', 1, 'com.ruoyi.web.controller.system.SysDictDataController.add()', 'POST', 1, 'admin', '研发部门', '/system/dict/data', '127.0.0.1', '内网IP', '{\"createBy\":\"admin\",\"default\":false,\"dictLabel\":\"10:30-11:00\",\"dictSort\":3,\"dictType\":\"visa_appointment_time\",\"dictValue\":\"3\",\"listClass\":\"default\",\"params\":{},\"status\":\"0\"}', '{\"msg\":\"操作成功\",\"code\":200}', 0, NULL, '2025-01-07 02:05:12', 9);
INSERT INTO `sys_oper_log` VALUES (199, '字典数据', 2, 'com.ruoyi.web.controller.system.SysDictDataController.edit()', 'PUT', 1, 'admin', '研发部门', '/system/dict/data', '127.0.0.1', '内网IP', '{\"createBy\":\"admin\",\"createTime\":\"2025-01-07 02:05:12\",\"default\":false,\"dictCode\":32,\"dictLabel\":\"10:00-10:30\",\"dictSort\":3,\"dictType\":\"visa_appointment_time\",\"dictValue\":\"3\",\"isDefault\":\"N\",\"listClass\":\"default\",\"params\":{},\"status\":\"0\",\"updateBy\":\"admin\"}', '{\"msg\":\"操作成功\",\"code\":200}', 0, NULL, '2025-01-07 02:05:31', 14);
INSERT INTO `sys_oper_log` VALUES (200, '字典数据', 1, 'com.ruoyi.web.controller.system.SysDictDataController.add()', 'POST', 1, 'admin', '研发部门', '/system/dict/data', '127.0.0.1', '内网IP', '{\"createBy\":\"admin\",\"default\":false,\"dictLabel\":\"10:30-11:00\",\"dictSort\":4,\"dictType\":\"visa_appointment_time\",\"dictValue\":\"4\",\"listClass\":\"default\",\"params\":{},\"status\":\"0\"}', '{\"msg\":\"操作成功\",\"code\":200}', 0, NULL, '2025-01-07 02:06:01', 14);
INSERT INTO `sys_oper_log` VALUES (201, '字典数据', 1, 'com.ruoyi.web.controller.system.SysDictDataController.add()', 'POST', 1, 'admin', '研发部门', '/system/dict/data', '127.0.0.1', '内网IP', '{\"createBy\":\"admin\",\"default\":false,\"dictLabel\":\"11:00-11:30\",\"dictSort\":5,\"dictType\":\"visa_appointment_time\",\"dictValue\":\"5\",\"listClass\":\"default\",\"params\":{},\"status\":\"0\"}', '{\"msg\":\"操作成功\",\"code\":200}', 0, NULL, '2025-01-07 02:06:16', 7);
INSERT INTO `sys_oper_log` VALUES (202, '字典数据', 1, 'com.ruoyi.web.controller.system.SysDictDataController.add()', 'POST', 1, 'admin', '研发部门', '/system/dict/data', '127.0.0.1', '内网IP', '{\"createBy\":\"admin\",\"default\":false,\"dictLabel\":\"11:30-12:00\",\"dictSort\":6,\"dictType\":\"visa_appointment_time\",\"dictValue\":\"6\",\"listClass\":\"default\",\"params\":{},\"status\":\"0\"}', '{\"msg\":\"操作成功\",\"code\":200}', 0, NULL, '2025-01-07 02:06:48', 13);
INSERT INTO `sys_oper_log` VALUES (203, '字典数据', 1, 'com.ruoyi.web.controller.system.SysDictDataController.add()', 'POST', 1, 'admin', '研发部门', '/system/dict/data', '127.0.0.1', '内网IP', '{\"createBy\":\"admin\",\"default\":false,\"dictLabel\":\"12:00-12:30\",\"dictSort\":7,\"dictType\":\"visa_appointment_time\",\"dictValue\":\"7\",\"listClass\":\"default\",\"params\":{},\"status\":\"0\"}', '{\"msg\":\"操作成功\",\"code\":200}', 0, NULL, '2025-01-07 02:07:04', 8);
INSERT INTO `sys_oper_log` VALUES (204, '代码生成', 2, 'com.ruoyi.generator.controller.GenController.editSave()', 'PUT', 1, 'admin', '研发部门', '/tool/gen', '127.0.0.1', '内网IP', '{\"businessName\":\"appointment_record\",\"className\":\"VisaAppointment\",\"columns\":[{\"capJavaField\":\"Id\",\"columnComment\":\"Primary key ID\",\"columnId\":103,\"columnName\":\"id\",\"columnType\":\"bigint\",\"createBy\":\"admin\",\"createTime\":\"2025-01-06 12:45:29\",\"dictType\":\"\",\"edit\":false,\"htmlType\":\"input\",\"increment\":true,\"insert\":false,\"isIncrement\":\"1\",\"isInsert\":\"0\",\"isPk\":\"1\",\"isRequired\":\"0\",\"javaField\":\"id\",\"javaType\":\"Long\",\"list\":false,\"params\":{},\"pk\":true,\"query\":false,\"queryType\":\"EQ\",\"required\":false,\"sort\":1,\"superColumn\":false,\"tableId\":6,\"updateBy\":\"\",\"updateTime\":\"2025-01-06 12:57:48\",\"usableColumn\":false},{\"capJavaField\":\"ActivityId\",\"columnComment\":\"ID of the related activity\",\"columnId\":104,\"columnName\":\"activity_id\",\"columnType\":\"bigint\",\"createBy\":\"admin\",\"createTime\":\"2025-01-06 12:45:29\",\"dictType\":\"\",\"edit\":false,\"htmlType\":\"input\",\"increment\":false,\"insert\":false,\"isEdit\":\"0\",\"isIncrement\":\"0\",\"isInsert\":\"0\",\"isList\":\"1\",\"isPk\":\"0\",\"isQuery\":\"1\",\"isRequired\":\"1\",\"javaField\":\"activityId\",\"javaType\":\"Long\",\"list\":true,\"params\":{},\"pk\":false,\"query\":true,\"queryType\":\"EQ\",\"required\":true,\"sort\":2,\"superColumn\":false,\"tableId\":6,\"updateBy\":\"\",\"updateTime\":\"2025-01-06 12:57:49\",\"usableColumn\":false},{\"capJavaField\":\"AppointmentName\",\"columnComment\":\"Appointment name\",\"columnId\":105,\"columnName\":\"appointment_name\",\"columnType\":\"varchar(255)\",\"createBy\":\"admin\",\"createTime\":\"2025-01-06 12:45:29\",\"dictType\":\"\",\"edit\":false,\"htmlType\":\"input\",\"increment\":false,\"insert\":false,\"isEdit\":\"0\",\"isIncrement\":\"0\",\"isInsert\":\"0\",\"isList\":\"1\",\"isPk\":\"0\",\"isQuery\":\"1\",\"isRequired\":\"1\",\"javaField\":\"appointmentName\",\"javaType\":\"String\",\"list\":true,\"params\":{},\"pk\":false,\"query\":true,\"queryType\":\"LIKE\",\"required\":true,\"sort\":3,\"superColumn\":false,\"tableId\":6,\"updateBy\":\"\",\"updateTime\":\"2025-01-06 12:57:49\",\"usableColumn\":false},{\"capJavaField\":\"UserId\",\"columnComment\":\"User ID\",\"columnId\":106,\"columnName\":\"user_id\",\"columnType\":\"bigint\",\"createBy\":\"admin\",\"createTime\":\"2025-01-06 12:4', '{\"msg\":\"操作成功\",\"code\":200}', 0, NULL, '2025-01-07 02:10:08', 56);
INSERT INTO `sys_oper_log` VALUES (205, '代码生成', 8, 'com.ruoyi.generator.controller.GenController.batchGenCode()', 'GET', 1, 'admin', '研发部门', '/tool/gen/batchGenCode', '127.0.0.1', '内网IP', '{\"tables\":\"visa_appointment\"}', NULL, 0, NULL, '2025-01-07 02:10:19', 168);
INSERT INTO `sys_oper_log` VALUES (206, 'Appointment list', 1, 'com.ruoyi.appointment.controller.VisaAppointmentController.add()', 'POST', 1, 'admin', '研发部门', '/appointment_record/appointment_record', '127.0.0.1', '内网IP', '{\"appointmentTime\":\"1\",\"createTime\":\"2025-01-07 02:23:20\",\"params\":{}}', NULL, 1, '\r\n### Error updating database.  Cause: java.sql.SQLException: Field \'activity_id\' doesn\'t have a default value\r\n### The error may exist in file [D:\\FYProject\\Visa-Management-System-abavc\\ruoyi-appointment\\target\\classes\\mapper\\appointment_record\\VisaAppointmentMapper.xml]\r\n### The error may involve com.ruoyi.appointment.mapper.VisaAppointmentMapper.insertVisaAppointment-Inline\r\n### The error occurred while setting parameters\r\n### SQL: insert into visa_appointment          ( appointment_time,                                       create_time )           values ( ?,                                       ? )\r\n### Cause: java.sql.SQLException: Field \'activity_id\' doesn\'t have a default value\n; Field \'activity_id\' doesn\'t have a default value; nested exception is java.sql.SQLException: Field \'activity_id\' doesn\'t have a default value', '2025-01-07 02:23:20', 159);
INSERT INTO `sys_oper_log` VALUES (207, 'Appointment list', 1, 'com.ruoyi.appointment.controller.VisaAppointmentController.add()', 'POST', 1, 'admin', '研发部门', '/appointment_record/appointment_record', '127.0.0.1', '内网IP', '{\"appointmentTime\":\"1\",\"createTime\":\"2025-01-07 02:23:22\",\"params\":{}}', NULL, 1, '\r\n### Error updating database.  Cause: java.sql.SQLException: Field \'activity_id\' doesn\'t have a default value\r\n### The error may exist in file [D:\\FYProject\\Visa-Management-System-abavc\\ruoyi-appointment\\target\\classes\\mapper\\appointment_record\\VisaAppointmentMapper.xml]\r\n### The error may involve com.ruoyi.appointment.mapper.VisaAppointmentMapper.insertVisaAppointment-Inline\r\n### The error occurred while setting parameters\r\n### SQL: insert into visa_appointment          ( appointment_time,                                       create_time )           values ( ?,                                       ? )\r\n### Cause: java.sql.SQLException: Field \'activity_id\' doesn\'t have a default value\n; Field \'activity_id\' doesn\'t have a default value; nested exception is java.sql.SQLException: Field \'activity_id\' doesn\'t have a default value', '2025-01-07 02:23:22', 2);
INSERT INTO `sys_oper_log` VALUES (208, 'Appointment list', 1, 'com.ruoyi.appointment.controller.VisaAppointmentController.add()', 'POST', 1, 'admin', '研发部门', '/appointment_record/appointment_record', '127.0.0.1', '内网IP', '{\"appointmentTime\":\"1\",\"createTime\":\"2025-01-07 02:23:32\",\"params\":{}}', NULL, 1, '\r\n### Error updating database.  Cause: java.sql.SQLException: Field \'activity_id\' doesn\'t have a default value\r\n### The error may exist in file [D:\\FYProject\\Visa-Management-System-abavc\\ruoyi-appointment\\target\\classes\\mapper\\appointment_record\\VisaAppointmentMapper.xml]\r\n### The error may involve com.ruoyi.appointment.mapper.VisaAppointmentMapper.insertVisaAppointment-Inline\r\n### The error occurred while setting parameters\r\n### SQL: insert into visa_appointment          ( appointment_time,                                       create_time )           values ( ?,                                       ? )\r\n### Cause: java.sql.SQLException: Field \'activity_id\' doesn\'t have a default value\n; Field \'activity_id\' doesn\'t have a default value; nested exception is java.sql.SQLException: Field \'activity_id\' doesn\'t have a default value', '2025-01-07 02:23:32', 3);
INSERT INTO `sys_oper_log` VALUES (209, 'Appointment list', 1, 'com.ruoyi.appointment.controller.VisaAppointmentController.add()', 'POST', 1, 'admin', '研发部门', '/appointment_record/appointment_record', '127.0.0.1', '内网IP', '{\"appointmentTime\":\"1\",\"createTime\":\"2025-01-07 02:25:31\",\"params\":{}}', NULL, 1, '\r\n### Error updating database.  Cause: java.sql.SQLException: Field \'activity_id\' doesn\'t have a default value\r\n### The error may exist in file [D:\\FYProject\\Visa-Management-System-abavc\\ruoyi-appointment\\target\\classes\\mapper\\appointment_record\\VisaAppointmentMapper.xml]\r\n### The error may involve com.ruoyi.appointment.mapper.VisaAppointmentMapper.insertVisaAppointment-Inline\r\n### The error occurred while setting parameters\r\n### SQL: insert into visa_appointment          ( appointment_time,                                       create_time )           values ( ?,                                       ? )\r\n### Cause: java.sql.SQLException: Field \'activity_id\' doesn\'t have a default value\n; Field \'activity_id\' doesn\'t have a default value; nested exception is java.sql.SQLException: Field \'activity_id\' doesn\'t have a default value', '2025-01-07 02:25:31', 3);
INSERT INTO `sys_oper_log` VALUES (210, 'Appointment list', 1, 'com.ruoyi.appointment.controller.VisaAppointmentController.add()', 'POST', 1, 'admin', '研发部门', '/appointment_record/appointment_record', '127.0.0.1', '内网IP', '{\"appointmentTime\":\"1\",\"createTime\":\"2025-01-07 02:33:59\",\"id\":3,\"params\":{}}', '{\"msg\":\"操作成功\",\"code\":200}', 0, NULL, '2025-01-07 02:33:59', 7);
INSERT INTO `sys_oper_log` VALUES (211, 'Activity list', 1, 'com.ruoyi.appointment.controller.VisaActivityController.add()', 'POST', 1, 'admin', '研发部门', '/activity_check/activity', '127.0.0.1', '内网IP', '{\"activityName\":\"123\",\"createTime\":\"2025-01-09 01:43:08\",\"params\":{}}', NULL, 1, '\r\n### Error updating database.  Cause: java.sql.SQLIntegrityConstraintViolationException: Duplicate entry \'123\' for key \'visa_activity.idx_activity_name\'\r\n### The error may exist in file [D:\\FYProject\\Visa-Management-System-abavc\\ruoyi-appointment\\target\\classes\\mapper\\activity_check\\VisaActivityMapper.xml]\r\n### The error may involve com.ruoyi.appointment.mapper.VisaActivityMapper.insertVisaActivity-Inline\r\n### The error occurred while setting parameters\r\n### SQL: insert into visa_activity          ( activity_name,                                                                 create_time )           values ( ?,                                                                 ? )\r\n### Cause: java.sql.SQLIntegrityConstraintViolationException: Duplicate entry \'123\' for key \'visa_activity.idx_activity_name\'\n; Duplicate entry \'123\' for key \'visa_activity.idx_activity_name\'; nested exception is java.sql.SQLIntegrityConstraintViolationException: Duplicate entry \'123\' for key \'visa_activity.idx_activity_name\'', '2025-01-09 01:43:09', 59);
INSERT INTO `sys_oper_log` VALUES (212, 'Activity list', 1, 'com.ruoyi.appointment.controller.VisaActivityController.add()', 'POST', 1, 'admin', '研发部门', '/activity_check/activity', '127.0.0.1', '内网IP', '{\"activityName\":\"123\",\"createTime\":\"2025-01-09 01:43:12\",\"params\":{}}', NULL, 1, '\r\n### Error updating database.  Cause: java.sql.SQLIntegrityConstraintViolationException: Duplicate entry \'123\' for key \'visa_activity.idx_activity_name\'\r\n### The error may exist in file [D:\\FYProject\\Visa-Management-System-abavc\\ruoyi-appointment\\target\\classes\\mapper\\activity_check\\VisaActivityMapper.xml]\r\n### The error may involve com.ruoyi.appointment.mapper.VisaActivityMapper.insertVisaActivity-Inline\r\n### The error occurred while setting parameters\r\n### SQL: insert into visa_activity          ( activity_name,                                                                 create_time )           values ( ?,                                                                 ? )\r\n### Cause: java.sql.SQLIntegrityConstraintViolationException: Duplicate entry \'123\' for key \'visa_activity.idx_activity_name\'\n; Duplicate entry \'123\' for key \'visa_activity.idx_activity_name\'; nested exception is java.sql.SQLIntegrityConstraintViolationException: Duplicate entry \'123\' for key \'visa_activity.idx_activity_name\'', '2025-01-09 01:43:12', 10);
INSERT INTO `sys_oper_log` VALUES (213, 'Activity list', 1, 'com.ruoyi.appointment.controller.VisaActivityController.add()', 'POST', 1, 'admin', '研发部门', '/activity_check/activity', '127.0.0.1', '内网IP', '{\"activityName\":\"123\",\"createTime\":\"2025-01-09 01:43:14\",\"params\":{}}', NULL, 1, '\r\n### Error updating database.  Cause: java.sql.SQLIntegrityConstraintViolationException: Duplicate entry \'123\' for key \'visa_activity.idx_activity_name\'\r\n### The error may exist in file [D:\\FYProject\\Visa-Management-System-abavc\\ruoyi-appointment\\target\\classes\\mapper\\activity_check\\VisaActivityMapper.xml]\r\n### The error may involve com.ruoyi.appointment.mapper.VisaActivityMapper.insertVisaActivity-Inline\r\n### The error occurred while setting parameters\r\n### SQL: insert into visa_activity          ( activity_name,                                                                 create_time )           values ( ?,                                                                 ? )\r\n### Cause: java.sql.SQLIntegrityConstraintViolationException: Duplicate entry \'123\' for key \'visa_activity.idx_activity_name\'\n; Duplicate entry \'123\' for key \'visa_activity.idx_activity_name\'; nested exception is java.sql.SQLIntegrityConstraintViolationException: Duplicate entry \'123\' for key \'visa_activity.idx_activity_name\'', '2025-01-09 01:43:15', 11);
INSERT INTO `sys_oper_log` VALUES (214, 'Activity list', 1, 'com.ruoyi.appointment.controller.VisaActivityController.add()', 'POST', 1, 'admin', '研发部门', '/activity_check/activity', '127.0.0.1', '内网IP', '{\"activityName\":\"123456\",\"createTime\":\"2025-01-09 01:43:23\",\"id\":7,\"params\":{}}', '{\"msg\":\"操作成功\",\"code\":200}', 0, NULL, '2025-01-09 01:43:23', 18);
INSERT INTO `sys_oper_log` VALUES (215, 'Activity list', 3, 'com.ruoyi.appointment.controller.VisaActivityController.remove()', 'DELETE', 1, 'admin', '研发部门', '/activity_check/activity/7', '127.0.0.1', '内网IP', '[7]', '{\"msg\":\"操作成功\",\"code\":200}', 0, NULL, '2025-01-09 01:43:27', 9);
INSERT INTO `sys_oper_log` VALUES (216, 'Appointment list', 1, 'com.ruoyi.appointment.controller.VisaAppointmentController.add()', 'POST', 1, 'admin', '研发部门', '/appointment_record/appointment_record', '127.0.0.1', '内网IP', '{\"appointmentTime\":\"2\",\"createTime\":\"2025-01-09 02:09:34\",\"id\":4,\"params\":{}}', '{\"msg\":\"操作成功\",\"code\":200}', 0, NULL, '2025-01-09 02:09:34', 17);
INSERT INTO `sys_oper_log` VALUES (217, 'Appointment list', 1, 'com.ruoyi.appointment.controller.VisaAppointmentController.add()', 'POST', 1, 'admin', '研发部门', '/appointment_record/appointment_record', '127.0.0.1', '内网IP', '{\"appointmentTime\":\"3\",\"createTime\":\"2025-01-09 02:09:40\",\"id\":5,\"params\":{}}', '{\"msg\":\"操作成功\",\"code\":200}', 0, NULL, '2025-01-09 02:09:40', 5);
INSERT INTO `sys_oper_log` VALUES (218, 'Appointment list', 3, 'com.ruoyi.appointment.controller.VisaAppointmentController.remove()', 'DELETE', 1, 'admin', '研发部门', '/appointment_record/appointment_record/5', '127.0.0.1', '内网IP', '[5]', '{\"msg\":\"操作成功\",\"code\":200}', 0, NULL, '2025-01-09 02:09:43', 4);
INSERT INTO `sys_oper_log` VALUES (219, 'Appointment list', 3, 'com.ruoyi.appointment.controller.VisaAppointmentController.remove()', 'DELETE', 1, 'admin', '研发部门', '/appointment_record/appointment_record/4', '127.0.0.1', '内网IP', '[4]', '{\"msg\":\"操作成功\",\"code\":200}', 0, NULL, '2025-01-09 02:09:44', 3);
INSERT INTO `sys_oper_log` VALUES (220, 'Appointment list', 1, 'com.ruoyi.appointment.controller.VisaAppointmentController.add()', 'POST', 1, 'admin', '研发部门', '/appointment_record/appointment_record', '127.0.0.1', '内网IP', '{\"activityId\":1,\"appointmentName\":\"Visa Application Submission\",\"createTime\":\"2025-01-09 02:42:38\",\"id\":6,\"params\":{}}', '{\"msg\":\"操作成功\",\"code\":200}', 0, NULL, '2025-01-09 02:42:38', 6);
INSERT INTO `sys_oper_log` VALUES (221, 'Appointment list', 3, 'com.ruoyi.appointment.controller.VisaAppointmentController.remove()', 'DELETE', 1, 'admin', '研发部门', '/appointment_record/appointment_record/6', '127.0.0.1', '内网IP', '[6]', '{\"msg\":\"操作成功\",\"code\":200}', 0, NULL, '2025-01-09 02:43:54', 5);
INSERT INTO `sys_oper_log` VALUES (222, 'Appointment list', 1, 'com.ruoyi.appointment.controller.VisaAppointmentController.add()', 'POST', 1, 'admin', '研发部门', '/appointment_record/appointment_record', '127.0.0.1', '内网IP', '{\"activityId\":3,\"appointmentName\":\"123\",\"createTime\":\"2025-01-09 02:44:01\",\"id\":7,\"params\":{}}', '{\"msg\":\"操作成功\",\"code\":200}', 0, NULL, '2025-01-09 02:44:01', 13);
INSERT INTO `sys_oper_log` VALUES (223, 'Appointment list', 3, 'com.ruoyi.appointment.controller.VisaAppointmentController.remove()', 'DELETE', 1, 'admin', '研发部门', '/appointment_record/appointment_record/3', '127.0.0.1', '内网IP', '[3]', '{\"msg\":\"操作成功\",\"code\":200}', 0, NULL, '2025-01-09 02:44:20', 11);
INSERT INTO `sys_oper_log` VALUES (224, 'Appointment list', 3, 'com.ruoyi.appointment.controller.VisaAppointmentController.remove()', 'DELETE', 1, 'admin', '研发部门', '/appointment_record/appointment_record/7', '127.0.0.1', '内网IP', '[7]', '{\"msg\":\"操作成功\",\"code\":200}', 0, NULL, '2025-01-09 02:44:28', 4);
INSERT INTO `sys_oper_log` VALUES (225, 'Appointment list', 2, 'com.ruoyi.appointment.controller.VisaAppointmentController.edit()', 'PUT', 1, 'admin', '研发部门', '/appointment_record/appointment_record', '127.0.0.1', '内网IP', '{\"activityId\":2,\"appointmentName\":\"Visa Interview\",\"appointmentTime\":\"3\",\"createBy\":\"admin\",\"createTime\":\"2025-01-06 12:44:04\",\"id\":2,\"params\":{},\"remark\":\"Interview confirmed\",\"roleId\":3,\"updateTime\":\"2025-01-09 02:45:23\",\"userId\":1002,\"userName\":\"Jane Smith\"}', '{\"msg\":\"操作成功\",\"code\":200}', 0, NULL, '2025-01-09 02:45:23', 2);
INSERT INTO `sys_oper_log` VALUES (226, 'Appointment list', 2, 'com.ruoyi.appointment.controller.VisaAppointmentController.edit()', 'PUT', 1, 'admin', '研发部门', '/appointment_record/appointment_record', '127.0.0.1', '内网IP', '{\"activityId\":1,\"appointmentName\":\"Visa Application Submission\",\"appointmentTime\":\"2\",\"createBy\":\"admin\",\"createTime\":\"2025-01-06 12:44:04\",\"id\":1,\"params\":{},\"remark\":\"First appointment\",\"roleId\":2,\"updateTime\":\"2025-01-09 02:45:27\",\"userId\":1001,\"userName\":\"John Doe\"}', '{\"msg\":\"操作成功\",\"code\":200}', 0, NULL, '2025-01-09 02:45:27', 0);
INSERT INTO `sys_oper_log` VALUES (227, 'Appointment list', 1, 'com.ruoyi.appointment.controller.VisaAppointmentController.add()', 'POST', 1, 'admin', '研发部门', '/appointment_record/appointment_record', '127.0.0.1', '内网IP', '{\"activityId\":3,\"appointmentName\":\"123\",\"createTime\":\"2025-01-09 03:35:05\",\"id\":8,\"params\":{},\"userId\":1,\"userName\":\"admin\"}', '{\"msg\":\"操作成功\",\"code\":200}', 0, NULL, '2025-01-09 03:35:05', 5);
INSERT INTO `sys_oper_log` VALUES (228, 'Appointment list', 3, 'com.ruoyi.appointment.controller.VisaAppointmentController.remove()', 'DELETE', 1, 'admin', '研发部门', '/appointment_record/appointment_record/8', '127.0.0.1', '内网IP', '[8]', '{\"msg\":\"操作成功\",\"code\":200}', 0, NULL, '2025-01-09 03:38:58', 4);
INSERT INTO `sys_oper_log` VALUES (229, 'Appointment list', 1, 'com.ruoyi.appointment.controller.VisaAppointmentController.add()', 'POST', 1, 'admin', '研发部门', '/appointment_record/appointment_record', '127.0.0.1', '内网IP', '{\"activityId\":3,\"appointmentName\":\"123\",\"appointmentTime\":\"9:00-9:30\",\"createTime\":\"2025-01-09 03:47:16\",\"id\":9,\"params\":{},\"userId\":1,\"userName\":\"admin\"}', '{\"msg\":\"操作成功\",\"code\":200}', 0, NULL, '2025-01-09 03:47:16', 5);
INSERT INTO `sys_oper_log` VALUES (230, 'Appointment list', 2, 'com.ruoyi.appointment.controller.VisaAppointmentController.edit()', 'PUT', 1, 'admin', '研发部门', '/appointment_record/appointment_record', '127.0.0.1', '内网IP', '{\"activityId\":3,\"appointmentName\":\"123\",\"appointmentTime\":\"9:00-9:30\",\"createTime\":\"2025-01-09 03:47:17\",\"id\":9,\"params\":{},\"updateTime\":\"2025-01-09 03:47:26\",\"userId\":1,\"userName\":\"admin\"}', '{\"msg\":\"操作成功\",\"code\":200}', 0, NULL, '2025-01-09 03:47:27', 11);
INSERT INTO `sys_oper_log` VALUES (231, 'Appointment list', 2, 'com.ruoyi.appointment.controller.VisaAppointmentController.edit()', 'PUT', 1, 'admin', '研发部门', '/appointment_record/appointment_record', '127.0.0.1', '内网IP', '{\"activityId\":3,\"appointmentName\":\"123\",\"appointmentTime\":\"2\",\"createTime\":\"2025-01-09 03:47:17\",\"id\":9,\"params\":{},\"updateTime\":\"2025-01-09 03:47:30\",\"userId\":1,\"userName\":\"admin\"}', '{\"msg\":\"操作成功\",\"code\":200}', 0, NULL, '2025-01-09 03:47:30', 6);
INSERT INTO `sys_oper_log` VALUES (232, 'Appointment list', 2, 'com.ruoyi.appointment.controller.VisaAppointmentController.edit()', 'PUT', 1, 'admin', '研发部门', '/appointment_record/appointment_record', '127.0.0.1', '内网IP', '{\"activityId\":3,\"appointmentName\":\"123\",\"appointmentTime\":\"1\",\"createTime\":\"2025-01-09 03:47:17\",\"id\":9,\"params\":{},\"updateTime\":\"2025-01-09 03:47:33\",\"userId\":1,\"userName\":\"admin\"}', '{\"msg\":\"操作成功\",\"code\":200}', 0, NULL, '2025-01-09 03:47:33', 3);
INSERT INTO `sys_oper_log` VALUES (233, 'Appointment list', 1, 'com.ruoyi.appointment.controller.VisaAppointmentController.add()', 'POST', 1, 'admin', '研发部门', '/appointment_record/appointment_record', '127.0.0.1', '内网IP', '{\"activityId\":2,\"appointmentName\":\"Visa Interview\",\"appointmentTime\":\"9:00-9:30\",\"createTime\":\"2025-01-09 03:47:43\",\"id\":10,\"params\":{},\"userId\":1,\"userName\":\"admin\"}', '{\"msg\":\"操作成功\",\"code\":200}', 0, NULL, '2025-01-09 03:47:43', 0);
INSERT INTO `sys_oper_log` VALUES (234, 'Appointment list', 3, 'com.ruoyi.appointment.controller.VisaAppointmentController.remove()', 'DELETE', 1, 'admin', '研发部门', '/appointment_record/appointment_record/9', '127.0.0.1', '内网IP', '[9]', '{\"msg\":\"操作成功\",\"code\":200}', 0, NULL, '2025-01-09 03:47:55', 1);
INSERT INTO `sys_oper_log` VALUES (235, 'Appointment list', 2, 'com.ruoyi.appointment.controller.VisaAppointmentController.edit()', 'PUT', 1, 'admin', '研发部门', '/appointment_record/appointment_record', '127.0.0.1', '内网IP', '{\"activityId\":2,\"appointmentName\":\"Visa Interview\",\"appointmentTime\":\"1\",\"createTime\":\"2025-01-09 03:47:44\",\"id\":10,\"params\":{},\"updateTime\":\"2025-01-09 03:48:06\",\"userId\":1,\"userName\":\"admin\"}', '{\"msg\":\"操作成功\",\"code\":200}', 0, NULL, '2025-01-09 03:48:06', 4);
INSERT INTO `sys_oper_log` VALUES (236, 'Appointment list', 2, 'com.ruoyi.appointment.controller.VisaAppointmentController.edit()', 'PUT', 1, 'admin', '研发部门', '/appointment_record/appointment_record', '127.0.0.1', '内网IP', '{\"activityId\":2,\"appointmentName\":\"Visa Interview\",\"appointmentTime\":\"4\",\"createBy\":\"admin\",\"createTime\":\"2025-01-06 12:44:04\",\"id\":2,\"params\":{},\"remark\":\"Interview confirmed\",\"roleId\":3,\"updateTime\":\"2025-01-09 03:53:21\",\"userId\":1002,\"userName\":\"Jane Smith\"}', '{\"msg\":\"操作成功\",\"code\":200}', 0, NULL, '2025-01-09 03:53:21', 5);
INSERT INTO `sys_oper_log` VALUES (237, 'Appointment list', 2, 'com.ruoyi.appointment.controller.VisaAppointmentController.edit()', 'PUT', 1, 'admin', '研发部门', '/appointment_record/appointment_record', '127.0.0.1', '内网IP', '{\"activityId\":1,\"appointmentName\":\"Visa Application Submission\",\"appointmentTime\":\"2\",\"createBy\":\"admin\",\"createTime\":\"2025-01-06 12:44:04\",\"id\":1,\"params\":{},\"remark\":\"First appointment\",\"roleId\":2,\"updateTime\":\"2025-01-09 03:53:38\",\"userId\":1001,\"userName\":\"John Doe\"}', '{\"msg\":\"操作成功\",\"code\":200}', 0, NULL, '2025-01-09 03:53:38', 4);
INSERT INTO `sys_oper_log` VALUES (238, 'Appointment list', 2, 'com.ruoyi.appointment.controller.VisaAppointmentController.edit()', 'PUT', 1, 'admin', '研发部门', '/appointment_record/appointment_record', '127.0.0.1', '内网IP', '{\"activityId\":2,\"appointmentName\":\"Visa Interview\",\"appointmentTime\":\"5\",\"createTime\":\"2025-01-09 03:47:44\",\"id\":10,\"params\":{},\"updateTime\":\"2025-01-09 03:53:58\",\"userId\":1,\"userName\":\"admin\"}', '{\"msg\":\"操作成功\",\"code\":200}', 0, NULL, '2025-01-09 03:53:58', 8);
INSERT INTO `sys_oper_log` VALUES (239, 'Appointment list', 2, 'com.ruoyi.appointment.controller.VisaAppointmentController.edit()', 'PUT', 1, 'admin', '研发部门', '/appointment_record/appointment_record', '127.0.0.1', '内网IP', '{\"activityId\":1,\"appointmentName\":\"Visa Application Submission\",\"appointmentTime\":\"7\",\"createBy\":\"admin\",\"createTime\":\"2025-01-06 12:44:04\",\"id\":1,\"params\":{},\"remark\":\"First appointment\",\"roleId\":2,\"updateTime\":\"2025-01-09 03:54:03\",\"userId\":1001,\"userName\":\"John Doe\"}', '{\"msg\":\"操作成功\",\"code\":200}', 0, NULL, '2025-01-09 03:54:03', 4);
INSERT INTO `sys_oper_log` VALUES (240, 'Appointment list', 3, 'com.ruoyi.appointment.controller.VisaAppointmentController.remove()', 'DELETE', 1, 'admin', '研发部门', '/appointment_record/appointment_record/10', '127.0.0.1', '内网IP', '[10]', '{\"msg\":\"操作成功\",\"code\":200}', 0, NULL, '2025-01-09 03:55:30', 10);
INSERT INTO `sys_oper_log` VALUES (241, 'Appointment list', 1, 'com.ruoyi.appointment.controller.VisaAppointmentController.add()', 'POST', 1, 'admin', '研发部门', '/appointment_record/appointment_record', '127.0.0.1', '内网IP', '{\"activityId\":3,\"appointmentName\":\"123\",\"appointmentTime\":\"1\",\"createTime\":\"2025-01-09 03:55:33\",\"id\":11,\"params\":{},\"userId\":1,\"userName\":\"admin\"}', '{\"msg\":\"操作成功\",\"code\":200}', 0, NULL, '2025-01-09 03:55:33', 4);
INSERT INTO `sys_oper_log` VALUES (242, 'Appointment list', 3, 'com.ruoyi.appointment.controller.VisaAppointmentController.remove()', 'DELETE', 1, 'admin', '研发部门', '/appointment_record/appointment_record/11', '127.0.0.1', '内网IP', '[11]', '{\"msg\":\"操作成功\",\"code\":200}', 0, NULL, '2025-01-13 04:35:40', 12);
INSERT INTO `sys_oper_log` VALUES (243, 'Appointment list', 1, 'com.ruoyi.appointment.controller.VisaAppointmentController.add()', 'POST', 1, 'admin', '研发部门', '/appointment_record/appointment_record', '127.0.0.1', '内网IP', '{\"activityId\":3,\"appointmentName\":\"123\",\"appointmentTime\":\"1\",\"createTime\":\"2025-01-13 04:36:03\",\"id\":12,\"params\":{},\"userId\":1,\"userName\":\"admin\"}', '{\"msg\":\"操作成功\",\"code\":200}', 0, NULL, '2025-01-13 04:36:03', 10);
INSERT INTO `sys_oper_log` VALUES (244, 'Appointment list', 2, 'com.ruoyi.appointment.controller.VisaAppointmentController.edit()', 'PUT', 1, 'admin', '研发部门', '/appointment_record/appointment_record', '127.0.0.1', '内网IP', '{\"activityId\":3,\"appointmentName\":\"123\",\"appointmentTime\":\"2\",\"createTime\":\"2025-01-13 04:36:04\",\"id\":12,\"params\":{},\"updateTime\":\"2025-01-13 04:36:18\",\"userId\":1,\"userName\":\"admin\"}', '{\"msg\":\"操作成功\",\"code\":200}', 0, NULL, '2025-01-13 04:36:18', 9);
INSERT INTO `sys_oper_log` VALUES (245, '菜单管理', 2, 'com.ruoyi.web.controller.system.SysMenuController.edit()', 'PUT', 1, 'admin', '研发部门', '/system/menu', '127.0.0.1', '内网IP', '{\"children\":[],\"createTime\":\"2024-11-30 10:29:36\",\"icon\":\"guide\",\"isCache\":\"0\",\"isFrame\":\"0\",\"menuId\":4,\"menuName\":\"若依官网\",\"menuType\":\"M\",\"orderNum\":4,\"params\":{},\"parentId\":0,\"path\":\"http://ruoyi.vip\",\"perms\":\"\",\"query\":\"\",\"routeName\":\"\",\"status\":\"0\",\"updateBy\":\"admin\",\"visible\":\"1\"}', '{\"msg\":\"操作成功\",\"code\":200}', 0, NULL, '2025-01-13 04:53:04', 22);
INSERT INTO `sys_oper_log` VALUES (246, 'Appointment list', 3, 'com.ruoyi.appointment.controller.VisaAppointmentController.remove()', 'DELETE', 1, 'admin', '研发部门', '/appointment_record/appointment_record/12', '127.0.0.1', '内网IP', '[12]', '{\"msg\":\"操作成功\",\"code\":200}', 0, NULL, '2025-01-13 05:03:49', 11);
INSERT INTO `sys_oper_log` VALUES (247, 'Appointment list', 1, 'com.ruoyi.appointment.controller.VisaAppointmentController.add()', 'POST', 1, 'admin', '研发部门', '/appointment_record/appointment_record', '127.0.0.1', '内网IP', '{\"activityId\":3,\"appointmentName\":\"123\",\"appointmentTime\":\"1\",\"createTime\":\"2025-01-13 05:09:42\",\"id\":13,\"params\":{},\"userId\":1,\"userName\":\"admin\"}', '{\"msg\":\"操作成功\",\"code\":200}', 0, NULL, '2025-01-13 05:09:42', 7);
INSERT INTO `sys_oper_log` VALUES (248, 'Appointment list', 1, 'com.ruoyi.appointment.controller.VisaAppointmentController.add()', 'POST', 1, 'admin', '研发部门', '/appointment_record/appointment_record', '127.0.0.1', '内网IP', '{\"activityId\":3,\"appointmentName\":\"123\",\"appointmentTime\":\"1\",\"createTime\":\"2025-01-13 05:11:48\",\"id\":14,\"params\":{},\"userId\":1,\"userName\":\"admin\"}', '{\"msg\":\"操作成功\",\"code\":200}', 0, NULL, '2025-01-13 05:11:48', 9);
INSERT INTO `sys_oper_log` VALUES (249, 'Appointment list', 3, 'com.ruoyi.appointment.controller.VisaAppointmentController.remove()', 'DELETE', 1, 'admin', '研发部门', '/appointment_record/appointment_record/14', '127.0.0.1', '内网IP', '[14]', '{\"msg\":\"操作成功\",\"code\":200}', 0, NULL, '2025-01-13 05:14:28', 6);
INSERT INTO `sys_oper_log` VALUES (250, 'Appointment list', 1, 'com.ruoyi.appointment.controller.VisaAppointmentController.add()', 'POST', 1, 'admin', '研发部门', '/appointment_record/appointment_record', '127.0.0.1', '内网IP', '{\"activityId\":3,\"appointmentName\":\"123\",\"appointmentTime\":\"1\",\"createTime\":\"2025-01-13 05:15:57\",\"params\":{},\"userId\":1,\"userName\":\"admin\"}', NULL, 1, '\r\n### Error updating database.  Cause: java.sql.SQLIntegrityConstraintViolationException: Duplicate entry \'3\' for key \'visa_appointment.unique_activity_id\'\r\n### The error may exist in file [D:\\FYProject\\Visa-Management-System-abavc\\ruoyi-appointment\\target\\classes\\mapper\\appointment_record\\VisaAppointmentMapper.xml]\r\n### The error may involve com.ruoyi.appointment.mapper.VisaAppointmentMapper.insertVisaAppointment-Inline\r\n### The error occurred while setting parameters\r\n### SQL: insert into visa_appointment          ( activity_id,             appointment_name,             user_id,             user_name,             appointment_time,                                       create_time )           values ( ?,             ?,             ?,             ?,             ?,                                       ? )\r\n### Cause: java.sql.SQLIntegrityConstraintViolationException: Duplicate entry \'3\' for key \'visa_appointment.unique_activity_id\'\n; Duplicate entry \'3\' for key \'visa_appointment.unique_activity_id\'; nested exception is java.sql.SQLIntegrityConstraintViolationException: Duplicate entry \'3\' for key \'visa_appointment.unique_activity_id\'', '2025-01-13 05:15:57', 102);
INSERT INTO `sys_oper_log` VALUES (251, 'Appointment list', 3, 'com.ruoyi.appointment.controller.VisaAppointmentController.remove()', 'DELETE', 1, 'admin', '研发部门', '/appointment_record/appointment_record/13', '127.0.0.1', '内网IP', '[13]', '{\"msg\":\"操作成功\",\"code\":200}', 0, NULL, '2025-01-13 05:16:05', 10);
INSERT INTO `sys_oper_log` VALUES (252, 'Appointment list', 1, 'com.ruoyi.appointment.controller.VisaAppointmentController.add()', 'POST', 1, 'admin', '研发部门', '/appointment_record/appointment_record', '127.0.0.1', '内网IP', '{\"activityId\":3,\"appointmentName\":\"123\",\"appointmentTime\":\"1\",\"createTime\":\"2025-01-13 05:16:10\",\"id\":16,\"params\":{},\"userId\":1,\"userName\":\"admin\"}', '{\"msg\":\"操作成功\",\"code\":200}', 0, NULL, '2025-01-13 05:16:10', 11);
INSERT INTO `sys_oper_log` VALUES (253, '代码生成', 6, 'com.ruoyi.generator.controller.GenController.importTableSave()', 'POST', 1, 'admin', '研发部门', '/tool/gen/importTable', '127.0.0.1', '内网IP', '{\"tables\":\"submit_state\"}', '{\"msg\":\"操作成功\",\"code\":200}', 0, NULL, '2025-01-16 03:16:46', 74);
INSERT INTO `sys_oper_log` VALUES (254, '代码生成', 2, 'com.ruoyi.generator.controller.GenController.editSave()', 'PUT', 1, 'admin', '研发部门', '/tool/gen', '127.0.0.1', '内网IP', '{\"businessName\":\"state\",\"className\":\"SubmitState\",\"columns\":[{\"capJavaField\":\"Id\",\"columnComment\":\"Primary Key\",\"columnId\":115,\"columnName\":\"id\",\"columnType\":\"int\",\"createBy\":\"admin\",\"createTime\":\"2025-01-16 03:16:46\",\"dictType\":\"\",\"edit\":false,\"htmlType\":\"input\",\"increment\":true,\"insert\":false,\"isIncrement\":\"1\",\"isInsert\":\"0\",\"isPk\":\"1\",\"isRequired\":\"0\",\"javaField\":\"id\",\"javaType\":\"Long\",\"list\":false,\"params\":{},\"pk\":true,\"query\":false,\"queryType\":\"EQ\",\"required\":false,\"sort\":1,\"superColumn\":false,\"tableId\":7,\"updateBy\":\"\",\"usableColumn\":false},{\"capJavaField\":\"FileName\",\"columnComment\":\"File Name\",\"columnId\":116,\"columnName\":\"file_name\",\"columnType\":\"varchar(255)\",\"createBy\":\"admin\",\"createTime\":\"2025-01-16 03:16:46\",\"dictType\":\"\",\"edit\":true,\"htmlType\":\"input\",\"increment\":false,\"insert\":true,\"isEdit\":\"1\",\"isIncrement\":\"0\",\"isInsert\":\"1\",\"isList\":\"1\",\"isPk\":\"0\",\"isQuery\":\"1\",\"isRequired\":\"1\",\"javaField\":\"fileName\",\"javaType\":\"String\",\"list\":true,\"params\":{},\"pk\":false,\"query\":true,\"queryType\":\"LIKE\",\"required\":true,\"sort\":2,\"superColumn\":false,\"tableId\":7,\"updateBy\":\"\",\"usableColumn\":false},{\"capJavaField\":\"SubmitStatus\",\"columnComment\":\"Submission Status\",\"columnId\":117,\"columnName\":\"submit_status\",\"columnType\":\"varchar(50)\",\"createBy\":\"admin\",\"createTime\":\"2025-01-16 03:16:46\",\"dictType\":\"\",\"edit\":true,\"htmlType\":\"radio\",\"increment\":false,\"insert\":true,\"isEdit\":\"1\",\"isIncrement\":\"0\",\"isInsert\":\"1\",\"isList\":\"1\",\"isPk\":\"0\",\"isQuery\":\"1\",\"isRequired\":\"0\",\"javaField\":\"submitStatus\",\"javaType\":\"String\",\"list\":true,\"params\":{},\"pk\":false,\"query\":true,\"queryType\":\"EQ\",\"required\":false,\"sort\":3,\"superColumn\":false,\"tableId\":7,\"updateBy\":\"\",\"usableColumn\":false},{\"capJavaField\":\"UserId\",\"columnComment\":\"User ID\",\"columnId\":118,\"columnName\":\"user_id\",\"columnType\":\"bigint\",\"createBy\":\"admin\",\"createTime\":\"2025-01-16 03:16:46\",\"dictType\":\"\",\"edit\":false,\"htmlType\":\"input\",\"increment\":false,\"insert\":false,\"isEdit\":\"0\",\"isIncrement\":\"0\",\"isInsert\":\"0\",\"isList\":\"1\",\"isPk\":\"0\",', '{\"msg\":\"操作成功\",\"code\":200}', 0, NULL, '2025-01-16 03:21:56', 40);
INSERT INTO `sys_oper_log` VALUES (255, '代码生成', 2, 'com.ruoyi.generator.controller.GenController.editSave()', 'PUT', 1, 'admin', '研发部门', '/tool/gen', '127.0.0.1', '内网IP', '{\"businessName\":\"state\",\"className\":\"SubmitState\",\"columns\":[{\"capJavaField\":\"Id\",\"columnComment\":\"Primary Key\",\"columnId\":115,\"columnName\":\"id\",\"columnType\":\"int\",\"createBy\":\"admin\",\"createTime\":\"2025-01-16 03:16:46\",\"dictType\":\"\",\"edit\":false,\"htmlType\":\"input\",\"increment\":true,\"insert\":false,\"isIncrement\":\"1\",\"isInsert\":\"0\",\"isPk\":\"1\",\"isRequired\":\"0\",\"javaField\":\"id\",\"javaType\":\"Long\",\"list\":false,\"params\":{},\"pk\":true,\"query\":false,\"queryType\":\"EQ\",\"required\":false,\"sort\":1,\"superColumn\":false,\"tableId\":7,\"updateBy\":\"\",\"updateTime\":\"2025-01-16 03:21:56\",\"usableColumn\":false},{\"capJavaField\":\"FileName\",\"columnComment\":\"File Name\",\"columnId\":116,\"columnName\":\"file_name\",\"columnType\":\"varchar(255)\",\"createBy\":\"admin\",\"createTime\":\"2025-01-16 03:16:46\",\"dictType\":\"\",\"edit\":true,\"htmlType\":\"input\",\"increment\":false,\"insert\":true,\"isEdit\":\"1\",\"isIncrement\":\"0\",\"isInsert\":\"1\",\"isList\":\"1\",\"isPk\":\"0\",\"isQuery\":\"1\",\"isRequired\":\"1\",\"javaField\":\"fileName\",\"javaType\":\"String\",\"list\":true,\"params\":{},\"pk\":false,\"query\":true,\"queryType\":\"LIKE\",\"required\":true,\"sort\":2,\"superColumn\":false,\"tableId\":7,\"updateBy\":\"\",\"updateTime\":\"2025-01-16 03:21:56\",\"usableColumn\":false},{\"capJavaField\":\"SubmitStatus\",\"columnComment\":\"Submission Status\",\"columnId\":117,\"columnName\":\"submit_status\",\"columnType\":\"varchar(50)\",\"createBy\":\"admin\",\"createTime\":\"2025-01-16 03:16:46\",\"dictType\":\"\",\"edit\":true,\"htmlType\":\"select\",\"increment\":false,\"insert\":true,\"isEdit\":\"1\",\"isIncrement\":\"0\",\"isInsert\":\"1\",\"isList\":\"1\",\"isPk\":\"0\",\"isQuery\":\"1\",\"isRequired\":\"1\",\"javaField\":\"submitStatus\",\"javaType\":\"String\",\"list\":true,\"params\":{},\"pk\":false,\"query\":true,\"queryType\":\"EQ\",\"required\":true,\"sort\":3,\"superColumn\":false,\"tableId\":7,\"updateBy\":\"\",\"updateTime\":\"2025-01-16 03:21:56\",\"usableColumn\":false},{\"capJavaField\":\"UserId\",\"columnComment\":\"User ID\",\"columnId\":118,\"columnName\":\"user_id\",\"columnType\":\"bigint\",\"createBy\":\"admin\",\"createTime\":\"2025-01-16 03:16:46\",\"dictType\":\"\",\"edit\":false,\"htmlType\":\"input', '{\"msg\":\"操作成功\",\"code\":200}', 0, NULL, '2025-01-16 03:22:12', 34);
INSERT INTO `sys_oper_log` VALUES (256, '代码生成', 2, 'com.ruoyi.generator.controller.GenController.editSave()', 'PUT', 1, 'admin', '研发部门', '/tool/gen', '127.0.0.1', '内网IP', '{\"businessName\":\"file_submit\",\"className\":\"SubmitState\",\"columns\":[{\"capJavaField\":\"Id\",\"columnComment\":\"Primary Key\",\"columnId\":115,\"columnName\":\"id\",\"columnType\":\"int\",\"createBy\":\"admin\",\"createTime\":\"2025-01-16 03:16:46\",\"dictType\":\"\",\"edit\":false,\"htmlType\":\"input\",\"increment\":true,\"insert\":false,\"isIncrement\":\"1\",\"isInsert\":\"0\",\"isPk\":\"1\",\"isRequired\":\"0\",\"javaField\":\"id\",\"javaType\":\"Long\",\"list\":false,\"params\":{},\"pk\":true,\"query\":false,\"queryType\":\"EQ\",\"required\":false,\"sort\":1,\"superColumn\":false,\"tableId\":7,\"updateBy\":\"\",\"updateTime\":\"2025-01-16 03:22:12\",\"usableColumn\":false},{\"capJavaField\":\"FileName\",\"columnComment\":\"File Name\",\"columnId\":116,\"columnName\":\"file_name\",\"columnType\":\"varchar(255)\",\"createBy\":\"admin\",\"createTime\":\"2025-01-16 03:16:46\",\"dictType\":\"\",\"edit\":true,\"htmlType\":\"input\",\"increment\":false,\"insert\":true,\"isEdit\":\"1\",\"isIncrement\":\"0\",\"isInsert\":\"1\",\"isList\":\"1\",\"isPk\":\"0\",\"isQuery\":\"1\",\"isRequired\":\"1\",\"javaField\":\"fileName\",\"javaType\":\"String\",\"list\":true,\"params\":{},\"pk\":false,\"query\":true,\"queryType\":\"LIKE\",\"required\":true,\"sort\":2,\"superColumn\":false,\"tableId\":7,\"updateBy\":\"\",\"updateTime\":\"2025-01-16 03:22:12\",\"usableColumn\":false},{\"capJavaField\":\"SubmitStatus\",\"columnComment\":\"Submission Status\",\"columnId\":117,\"columnName\":\"submit_status\",\"columnType\":\"varchar(50)\",\"createBy\":\"admin\",\"createTime\":\"2025-01-16 03:16:46\",\"dictType\":\"\",\"edit\":true,\"htmlType\":\"select\",\"increment\":false,\"insert\":true,\"isEdit\":\"1\",\"isIncrement\":\"0\",\"isInsert\":\"1\",\"isList\":\"1\",\"isPk\":\"0\",\"isQuery\":\"1\",\"isRequired\":\"1\",\"javaField\":\"submitStatus\",\"javaType\":\"String\",\"list\":true,\"params\":{},\"pk\":false,\"query\":true,\"queryType\":\"EQ\",\"required\":true,\"sort\":3,\"superColumn\":false,\"tableId\":7,\"updateBy\":\"\",\"updateTime\":\"2025-01-16 03:22:12\",\"usableColumn\":false},{\"capJavaField\":\"UserId\",\"columnComment\":\"User ID\",\"columnId\":118,\"columnName\":\"user_id\",\"columnType\":\"bigint\",\"createBy\":\"admin\",\"createTime\":\"2025-01-16 03:16:46\",\"dictType\":\"\",\"edit\":false,\"htmlType\":', '{\"msg\":\"操作成功\",\"code\":200}', 0, NULL, '2025-01-16 03:23:53', 27);
INSERT INTO `sys_oper_log` VALUES (257, '字典类型', 1, 'com.ruoyi.web.controller.system.SysDictTypeController.add()', 'POST', 1, 'admin', '研发部门', '/system/dict/type', '127.0.0.1', '内网IP', '{\"createBy\":\"admin\",\"dictName\":\"提交状态\",\"dictType\":\"file_submit_state\",\"params\":{},\"status\":\"0\"}', '{\"msg\":\"操作成功\",\"code\":200}', 0, NULL, '2025-01-16 03:24:34', 8);
INSERT INTO `sys_oper_log` VALUES (258, '字典类型', 2, 'com.ruoyi.web.controller.system.SysDictTypeController.edit()', 'PUT', 1, 'admin', '研发部门', '/system/dict/type', '127.0.0.1', '内网IP', '{\"createBy\":\"admin\",\"createTime\":\"2025-01-16 03:24:34\",\"dictId\":12,\"dictName\":\"提交状态\",\"dictType\":\"file_submit_state\",\"params\":{},\"status\":\"0\",\"updateBy\":\"admin\"}', '{\"msg\":\"操作成功\",\"code\":200}', 0, NULL, '2025-01-16 03:25:39', 22);
INSERT INTO `sys_oper_log` VALUES (259, '字典数据', 1, 'com.ruoyi.web.controller.system.SysDictDataController.add()', 'POST', 1, 'admin', '研发部门', '/system/dict/data', '127.0.0.1', '内网IP', '{\"createBy\":\"admin\",\"default\":false,\"dictLabel\":\"Pending submit\",\"dictSort\":0,\"dictType\":\"file_submit_state\",\"dictValue\":\"1\",\"listClass\":\"default\",\"params\":{},\"status\":\"0\"}', '{\"msg\":\"操作成功\",\"code\":200}', 0, NULL, '2025-01-16 03:28:10', 16);
INSERT INTO `sys_oper_log` VALUES (260, '字典数据', 1, 'com.ruoyi.web.controller.system.SysDictDataController.add()', 'POST', 1, 'admin', '研发部门', '/system/dict/data', '127.0.0.1', '内网IP', '{\"createBy\":\"admin\",\"default\":false,\"dictLabel\":\"Submited\",\"dictSort\":1,\"dictType\":\"file_submit_state\",\"dictValue\":\"2\",\"listClass\":\"default\",\"params\":{},\"status\":\"0\"}', '{\"msg\":\"操作成功\",\"code\":200}', 0, NULL, '2025-01-16 03:28:27', 12);
INSERT INTO `sys_oper_log` VALUES (261, '字典数据', 1, 'com.ruoyi.web.controller.system.SysDictDataController.add()', 'POST', 1, 'admin', '研发部门', '/system/dict/data', '127.0.0.1', '内网IP', '{\"createBy\":\"admin\",\"default\":false,\"dictLabel\":\"Collected\",\"dictSort\":2,\"dictType\":\"file_submit_state\",\"dictValue\":\"3\",\"listClass\":\"default\",\"params\":{},\"status\":\"0\"}', '{\"msg\":\"操作成功\",\"code\":200}', 0, NULL, '2025-01-16 03:28:56', 10);
INSERT INTO `sys_oper_log` VALUES (262, '菜单管理', 1, 'com.ruoyi.web.controller.system.SysMenuController.add()', 'POST', 1, 'admin', '研发部门', '/system/menu', '127.0.0.1', '内网IP', '{\"children\":[],\"createBy\":\"admin\",\"icon\":\"documentation\",\"isCache\":\"0\",\"isFrame\":\"1\",\"menuName\":\"File submission\",\"menuType\":\"M\",\"orderNum\":2,\"params\":{},\"parentId\":0,\"path\":\"submission\",\"status\":\"0\",\"visible\":\"0\"}', '{\"msg\":\"操作成功\",\"code\":200}', 0, NULL, '2025-01-16 03:32:04', 25);
INSERT INTO `sys_oper_log` VALUES (263, '代码生成', 2, 'com.ruoyi.generator.controller.GenController.editSave()', 'PUT', 1, 'admin', '研发部门', '/tool/gen', '127.0.0.1', '内网IP', '{\"businessName\":\"file_submit\",\"className\":\"SubmitState\",\"columns\":[{\"capJavaField\":\"Id\",\"columnComment\":\"Primary Key\",\"columnId\":115,\"columnName\":\"id\",\"columnType\":\"int\",\"createBy\":\"admin\",\"createTime\":\"2025-01-16 03:16:46\",\"dictType\":\"\",\"edit\":false,\"htmlType\":\"input\",\"increment\":true,\"insert\":false,\"isIncrement\":\"1\",\"isInsert\":\"0\",\"isPk\":\"1\",\"isRequired\":\"0\",\"javaField\":\"id\",\"javaType\":\"Long\",\"list\":false,\"params\":{},\"pk\":true,\"query\":false,\"queryType\":\"EQ\",\"required\":false,\"sort\":1,\"superColumn\":false,\"tableId\":7,\"updateBy\":\"\",\"updateTime\":\"2025-01-16 03:23:53\",\"usableColumn\":false},{\"capJavaField\":\"FileName\",\"columnComment\":\"File Name\",\"columnId\":116,\"columnName\":\"file_name\",\"columnType\":\"varchar(255)\",\"createBy\":\"admin\",\"createTime\":\"2025-01-16 03:16:46\",\"dictType\":\"\",\"edit\":true,\"htmlType\":\"input\",\"increment\":false,\"insert\":true,\"isEdit\":\"1\",\"isIncrement\":\"0\",\"isInsert\":\"1\",\"isList\":\"1\",\"isPk\":\"0\",\"isQuery\":\"1\",\"isRequired\":\"1\",\"javaField\":\"fileName\",\"javaType\":\"String\",\"list\":true,\"params\":{},\"pk\":false,\"query\":true,\"queryType\":\"LIKE\",\"required\":true,\"sort\":2,\"superColumn\":false,\"tableId\":7,\"updateBy\":\"\",\"updateTime\":\"2025-01-16 03:23:53\",\"usableColumn\":false},{\"capJavaField\":\"SubmitStatus\",\"columnComment\":\"Submission Status\",\"columnId\":117,\"columnName\":\"submit_status\",\"columnType\":\"varchar(50)\",\"createBy\":\"admin\",\"createTime\":\"2025-01-16 03:16:46\",\"dictType\":\"file_submit_state\",\"edit\":true,\"htmlType\":\"select\",\"increment\":false,\"insert\":true,\"isEdit\":\"1\",\"isIncrement\":\"0\",\"isInsert\":\"1\",\"isList\":\"1\",\"isPk\":\"0\",\"isQuery\":\"0\",\"isRequired\":\"1\",\"javaField\":\"submitStatus\",\"javaType\":\"String\",\"list\":true,\"params\":{},\"pk\":false,\"query\":false,\"queryType\":\"EQ\",\"required\":true,\"sort\":3,\"superColumn\":false,\"tableId\":7,\"updateBy\":\"\",\"updateTime\":\"2025-01-16 03:23:53\",\"usableColumn\":false},{\"capJavaField\":\"UserId\",\"columnComment\":\"User ID\",\"columnId\":118,\"columnName\":\"user_id\",\"columnType\":\"bigint\",\"createBy\":\"admin\",\"createTime\":\"2025-01-16 03:16:46\",\"dictType\":\"\",\"edit\"', '{\"msg\":\"操作成功\",\"code\":200}', 0, NULL, '2025-01-16 03:32:59', 27);
INSERT INTO `sys_oper_log` VALUES (264, '代码生成', 2, 'com.ruoyi.generator.controller.GenController.editSave()', 'PUT', 1, 'admin', '研发部门', '/tool/gen', '127.0.0.1', '内网IP', '{\"businessName\":\"file_submit\",\"className\":\"SubmitState\",\"columns\":[{\"capJavaField\":\"Id\",\"columnComment\":\"Primary Key\",\"columnId\":115,\"columnName\":\"id\",\"columnType\":\"int\",\"createBy\":\"admin\",\"createTime\":\"2025-01-16 03:16:46\",\"dictType\":\"\",\"edit\":false,\"htmlType\":\"input\",\"increment\":true,\"insert\":false,\"isIncrement\":\"1\",\"isInsert\":\"0\",\"isPk\":\"1\",\"isRequired\":\"0\",\"javaField\":\"id\",\"javaType\":\"Long\",\"list\":false,\"params\":{},\"pk\":true,\"query\":false,\"queryType\":\"EQ\",\"required\":false,\"sort\":1,\"superColumn\":false,\"tableId\":7,\"updateBy\":\"\",\"updateTime\":\"2025-01-16 03:32:59\",\"usableColumn\":false},{\"capJavaField\":\"FileName\",\"columnComment\":\"File Name\",\"columnId\":116,\"columnName\":\"file_name\",\"columnType\":\"varchar(255)\",\"createBy\":\"admin\",\"createTime\":\"2025-01-16 03:16:46\",\"dictType\":\"\",\"edit\":true,\"htmlType\":\"input\",\"increment\":false,\"insert\":true,\"isEdit\":\"1\",\"isIncrement\":\"0\",\"isInsert\":\"1\",\"isList\":\"1\",\"isPk\":\"0\",\"isQuery\":\"1\",\"isRequired\":\"1\",\"javaField\":\"fileName\",\"javaType\":\"String\",\"list\":true,\"params\":{},\"pk\":false,\"query\":true,\"queryType\":\"LIKE\",\"required\":true,\"sort\":2,\"superColumn\":false,\"tableId\":7,\"updateBy\":\"\",\"updateTime\":\"2025-01-16 03:32:59\",\"usableColumn\":false},{\"capJavaField\":\"SubmitStatus\",\"columnComment\":\"Submission Status\",\"columnId\":117,\"columnName\":\"submit_status\",\"columnType\":\"varchar(50)\",\"createBy\":\"admin\",\"createTime\":\"2025-01-16 03:16:46\",\"dictType\":\"file_submit_state\",\"edit\":true,\"htmlType\":\"select\",\"increment\":false,\"insert\":true,\"isEdit\":\"1\",\"isIncrement\":\"0\",\"isInsert\":\"1\",\"isList\":\"1\",\"isPk\":\"0\",\"isQuery\":\"0\",\"isRequired\":\"1\",\"javaField\":\"submitStatus\",\"javaType\":\"String\",\"list\":true,\"params\":{},\"pk\":false,\"query\":false,\"queryType\":\"EQ\",\"required\":true,\"sort\":3,\"superColumn\":false,\"tableId\":7,\"updateBy\":\"\",\"updateTime\":\"2025-01-16 03:32:59\",\"usableColumn\":false},{\"capJavaField\":\"UserId\",\"columnComment\":\"User ID\",\"columnId\":118,\"columnName\":\"user_id\",\"columnType\":\"bigint\",\"createBy\":\"admin\",\"createTime\":\"2025-01-16 03:16:46\",\"dictType\":\"\",\"edit\"', '{\"msg\":\"操作成功\",\"code\":200}', 0, NULL, '2025-01-16 03:34:32', 22);
INSERT INTO `sys_oper_log` VALUES (265, '代码生成', 8, 'com.ruoyi.generator.controller.GenController.batchGenCode()', 'GET', 1, 'admin', '研发部门', '/tool/gen/batchGenCode', '127.0.0.1', '内网IP', '{\"tables\":\"submit_state\"}', NULL, 0, NULL, '2025-01-16 03:36:13', 158);
INSERT INTO `sys_oper_log` VALUES (266, '菜单管理', 2, 'com.ruoyi.web.controller.system.SysMenuController.edit()', 'PUT', 1, 'admin', '研发部门', '/system/menu', '127.0.0.1', '内网IP', '{\"children\":[],\"component\":\"file_submit/file_submit/index\",\"createTime\":\"2025-01-16 03:37:18\",\"icon\":\"#\",\"isCache\":\"0\",\"isFrame\":\"1\",\"menuId\":2026,\"menuName\":\"Submission Status\",\"menuType\":\"C\",\"orderNum\":1,\"params\":{},\"parentId\":2025,\"path\":\"file_submit\",\"perms\":\"file_submit:file_submit:list\",\"routeName\":\"\",\"status\":\"0\",\"updateBy\":\"admin\",\"visible\":\"0\"}', '{\"msg\":\"操作成功\",\"code\":200}', 0, NULL, '2025-01-16 03:38:14', 14);
INSERT INTO `sys_oper_log` VALUES (267, 'File Submission Status Table', 2, 'com.ruoyi.appointment.controller.SubmitStateController.edit()', 'PUT', 1, 'admin', '研发部门', '/file_submit/file_submit', '127.0.0.1', '内网IP', '{\"createBy\":\"admin\",\"createTime\":\"2025-01-16 03:08:40\",\"fileName\":\"project_report.pdf\",\"id\":1,\"params\":{},\"remark\":\"First submission\",\"submitStatus\":\"Submitted\",\"updateTime\":\"2025-01-16 03:44:09\",\"userId\":1,\"userName\":\"Alice\"}', '{\"msg\":\"操作成功\",\"code\":200}', 0, NULL, '2025-01-16 03:44:09', 20);
INSERT INTO `sys_oper_log` VALUES (268, 'File Submission Status Table', 2, 'com.ruoyi.appointment.controller.SubmitStateController.edit()', 'PUT', 1, 'admin', '研发部门', '/file_submit/file_submit', '127.0.0.1', '内网IP', '{\"createBy\":\"admin\",\"createTime\":\"2025-01-16 03:08:40\",\"fileName\":\"project_report.pdf\",\"id\":1,\"params\":{},\"remark\":\"First submission\",\"submitStatus\":\"1\",\"updateTime\":\"2025-01-16 03:44:13\",\"userId\":1,\"userName\":\"Alice\"}', '{\"msg\":\"操作成功\",\"code\":200}', 0, NULL, '2025-01-16 03:44:13', 11);
INSERT INTO `sys_oper_log` VALUES (269, 'File Submission Status Table', 2, 'com.ruoyi.appointment.controller.SubmitStateController.edit()', 'PUT', 1, 'admin', '研发部门', '/file_submit/file_submit', '127.0.0.1', '内网IP', '{\"createBy\":\"admin\",\"createTime\":\"2025-01-16 03:08:40\",\"fileName\":\"application_form.docx\",\"id\":2,\"params\":{},\"remark\":\"Awaiting review\",\"submitStatus\":\"2\",\"updateTime\":\"2025-01-16 03:44:18\",\"userId\":2,\"userName\":\"Bob\"}', '{\"msg\":\"操作成功\",\"code\":200}', 0, NULL, '2025-01-16 03:44:18', 10);
INSERT INTO `sys_oper_log` VALUES (270, '菜单管理', 1, 'com.ruoyi.web.controller.system.SysMenuController.add()', 'POST', 1, 'admin', '研发部门', '/system/menu', '127.0.0.1', '内网IP', '{\"children\":[],\"component\":\"file_submit/file_submit/QR\",\"createBy\":\"admin\",\"isCache\":\"0\",\"isFrame\":\"1\",\"menuName\":\"Submission QR\",\"menuType\":\"C\",\"orderNum\":2,\"params\":{},\"parentId\":2025,\"path\":\"QR_submit\",\"perms\":\"file_submit:file_submit:list\",\"status\":\"0\",\"visible\":\"0\"}', '{\"msg\":\"操作成功\",\"code\":200}', 0, NULL, '2025-01-16 03:51:25', 16);
INSERT INTO `sys_oper_log` VALUES (271, 'Appointment list', 3, 'com.ruoyi.appointment.controller.VisaAppointmentController.remove()', 'DELETE', 1, 'admin', '研发部门', '/appointment_record/appointment_record/16', '127.0.0.1', '内网IP', '[16]', '{\"msg\":\"操作成功\",\"code\":200}', 0, NULL, '2025-01-19 03:31:18', 15);
INSERT INTO `sys_oper_log` VALUES (272, 'Activity list', 3, 'com.ruoyi.appointment.controller.VisaActivityController.remove()', 'DELETE', 1, 'admin', '研发部门', '/activity_check/activity/3', '127.0.0.1', '内网IP', '[3]', '{\"msg\":\"操作成功\",\"code\":200}', 0, NULL, '2025-01-19 03:49:56', 6);
INSERT INTO `sys_oper_log` VALUES (273, 'Activity list', 1, 'com.ruoyi.appointment.controller.VisaActivityController.add()', 'POST', 1, 'admin', '研发部门', '/activity_check/activity', '127.0.0.1', '内网IP', '{\"activityContent\":\"<p>NA</p>\",\"activityName\":\"1134\",\"closeTime\":\"2025-01-15 00:00\",\"createTime\":\"2025-01-19 03:50:33\",\"id\":8,\"openTime\":\"2025-01-20 00:00\",\"params\":{},\"remark\":\"NO\"}', '{\"msg\":\"操作成功\",\"code\":200}', 0, NULL, '2025-01-19 03:50:33', 19);
INSERT INTO `sys_oper_log` VALUES (274, 'Activity list', 2, 'com.ruoyi.appointment.controller.VisaActivityController.edit()', 'PUT', 1, 'admin', '研发部门', '/activity_check/activity', '127.0.0.1', '内网IP', '{\"activityContent\":\"<p>NA</p>\",\"activityName\":\"1134\",\"closeTime\":\"2025-01-22 00:00\",\"createTime\":\"2025-01-19 03:50:34\",\"id\":8,\"openTime\":\"2025-01-20 00:00\",\"params\":{},\"remark\":\"NO\",\"updateTime\":\"2025-01-19 03:50:46\"}', '{\"msg\":\"操作成功\",\"code\":200}', 0, NULL, '2025-01-19 03:50:46', 8);
INSERT INTO `sys_oper_log` VALUES (275, 'Activity list', 2, 'com.ruoyi.appointment.controller.VisaActivityController.edit()', 'PUT', 1, 'admin', '研发部门', '/activity_check/activity', '127.0.0.1', '内网IP', '{\"activityContent\":\"<p>AAAAAAAAAAAAAAAAAAAAAAAAAAAAAAAAAAAAAAAAA</p>\",\"activityName\":\"1134\",\"closeTime\":\"2025-01-22 00:00\",\"createTime\":\"2025-01-19 03:50:34\",\"id\":8,\"openTime\":\"2025-01-20 00:00\",\"params\":{},\"remark\":\"NO\",\"updateTime\":\"2025-01-19 03:51:02\"}', '{\"msg\":\"操作成功\",\"code\":200}', 0, NULL, '2025-01-19 03:51:02', 9);
INSERT INTO `sys_oper_log` VALUES (276, 'Activity list', 2, 'com.ruoyi.appointment.controller.VisaActivityController.edit()', 'PUT', 1, 'admin', '研发部门', '/activity_check/activity', '127.0.0.1', '内网IP', '{\"activityContent\":\"<p class=\\\"ql-align-justify\\\">AAAAAAAAAAAAAAAAAAAAAAAAAAAAAAAAAAAAAAAAA</p>\",\"activityName\":\"1134\",\"closeTime\":\"2025-01-22 00:00\",\"createTime\":\"2025-01-19 03:50:34\",\"id\":8,\"openTime\":\"2025-01-20 00:00\",\"params\":{},\"remark\":\"NO\",\"updateTime\":\"2025-01-19 03:51:47\"}', '{\"msg\":\"操作成功\",\"code\":200}', 0, NULL, '2025-01-19 03:51:47', 12);
INSERT INTO `sys_oper_log` VALUES (277, 'Activity list', 2, 'com.ruoyi.appointment.controller.VisaActivityController.edit()', 'PUT', 1, 'admin', '研发部门', '/activity_check/activity', '127.0.0.1', '内网IP', '{\"activityContent\":\"<p class=\\\"ql-align-justify\\\">566888955</p>\",\"activityName\":\"1134\",\"closeTime\":\"2025-01-22 00:00\",\"createTime\":\"2025-01-19 03:50:34\",\"id\":8,\"openTime\":\"2025-01-20 00:00\",\"params\":{},\"remark\":\"NO\",\"updateTime\":\"2025-01-19 03:52:07\"}', '{\"msg\":\"操作成功\",\"code\":200}', 0, NULL, '2025-01-19 03:52:07', 8);
INSERT INTO `sys_oper_log` VALUES (278, 'Activity list', 2, 'com.ruoyi.appointment.controller.VisaActivityController.edit()', 'PUT', 1, 'admin', '研发部门', '/activity_check/activity', '127.0.0.1', '内网IP', '{\"activityContent\":\"<p class=\\\"ql-align-center\\\">566888955</p>\",\"activityName\":\"1134\",\"closeTime\":\"2025-01-22 00:00\",\"createTime\":\"2025-01-19 03:50:34\",\"id\":8,\"openTime\":\"2025-01-20 00:00\",\"params\":{},\"remark\":\"NO\",\"updateTime\":\"2025-01-19 03:52:15\"}', '{\"msg\":\"操作成功\",\"code\":200}', 0, NULL, '2025-01-19 03:52:15', 12);
INSERT INTO `sys_oper_log` VALUES (279, 'Appointment list', 1, 'com.ruoyi.appointment.controller.VisaAppointmentController.add()', 'POST', 1, 'admin', '研发部门', '/appointment_record/appointment_record', '127.0.0.1', '内网IP', '{\"appointmentTime\":\"2\",\"createTime\":\"2025-01-19 04:43:17\",\"params\":{}}', NULL, 1, '\r\n### Error updating database.  Cause: java.sql.SQLException: Field \'activity_id\' doesn\'t have a default value\r\n### The error may exist in file [D:\\FYProject\\Visa-Management-System-abavc\\ruoyi-appointment\\target\\classes\\mapper\\appointment_record\\VisaAppointmentMapper.xml]\r\n### The error may involve com.ruoyi.appointment.mapper.VisaAppointmentMapper.insertVisaAppointment-Inline\r\n### The error occurred while setting parameters\r\n### SQL: insert into visa_appointment          ( appointment_time,                                       create_time )           values ( ?,                                       ? )\r\n### Cause: java.sql.SQLException: Field \'activity_id\' doesn\'t have a default value\n; Field \'activity_id\' doesn\'t have a default value; nested exception is java.sql.SQLException: Field \'activity_id\' doesn\'t have a default value', '2025-01-19 04:43:17', 175);
INSERT INTO `sys_oper_log` VALUES (280, 'Appointment list', 1, 'com.ruoyi.appointment.controller.VisaAppointmentController.add()', 'POST', 1, 'admin', '研发部门', '/appointment_record/appointment_record', '127.0.0.1', '内网IP', '{\"appointmentTime\":\"4\",\"createTime\":\"2025-01-19 04:43:23\",\"params\":{}}', NULL, 1, '\r\n### Error updating database.  Cause: java.sql.SQLException: Field \'activity_id\' doesn\'t have a default value\r\n### The error may exist in file [D:\\FYProject\\Visa-Management-System-abavc\\ruoyi-appointment\\target\\classes\\mapper\\appointment_record\\VisaAppointmentMapper.xml]\r\n### The error may involve com.ruoyi.appointment.mapper.VisaAppointmentMapper.insertVisaAppointment-Inline\r\n### The error occurred while setting parameters\r\n### SQL: insert into visa_appointment          ( appointment_time,                                       create_time )           values ( ?,                                       ? )\r\n### Cause: java.sql.SQLException: Field \'activity_id\' doesn\'t have a default value\n; Field \'activity_id\' doesn\'t have a default value; nested exception is java.sql.SQLException: Field \'activity_id\' doesn\'t have a default value', '2025-01-19 04:43:23', 6);
INSERT INTO `sys_oper_log` VALUES (281, 'Appointment list', 1, 'com.ruoyi.appointment.controller.VisaAppointmentController.add()', 'POST', 1, 'admin', '研发部门', '/appointment_record/appointment_record', '127.0.0.1', '内网IP', '{\"appointmentTime\":\"1\",\"createTime\":\"2025-01-19 04:53:35\",\"params\":{}}', NULL, 1, '\r\n### Error updating database.  Cause: java.sql.SQLException: Field \'appointment_name\' doesn\'t have a default value\r\n### The error may exist in file [D:\\FYProject\\Visa-Management-System-abavc\\ruoyi-appointment\\target\\classes\\mapper\\appointment_record\\VisaAppointmentMapper.xml]\r\n### The error may involve com.ruoyi.appointment.mapper.VisaAppointmentMapper.insertVisaAppointment-Inline\r\n### The error occurred while setting parameters\r\n### SQL: insert into visa_appointment          ( appointment_time,                                       create_time )           values ( ?,                                       ? )\r\n### Cause: java.sql.SQLException: Field \'appointment_name\' doesn\'t have a default value\n; Field \'appointment_name\' doesn\'t have a default value; nested exception is java.sql.SQLException: Field \'appointment_name\' doesn\'t have a default value', '2025-01-19 04:53:35', 4);
INSERT INTO `sys_oper_log` VALUES (282, 'Appointment list', 2, 'com.ruoyi.appointment.controller.VisaAppointmentController.edit()', 'PUT', 1, 'admin', '研发部门', '/appointment_record/appointment_record', '127.0.0.1', '内网IP', '{\"activityId\":2,\"appointmentName\":\"Visa Interview\",\"appointmentTime\":\"2\",\"createBy\":\"admin\",\"createTime\":\"2025-01-06 12:44:04\",\"id\":2,\"params\":{},\"remark\":\"Interview confirmed\",\"roleId\":3,\"updateTime\":\"2025-01-19 04:55:13\",\"userId\":1002,\"userName\":\"Jane Smith\"}', '{\"msg\":\"操作成功\",\"code\":200}', 0, NULL, '2025-01-19 04:55:13', 12);
INSERT INTO `sys_oper_log` VALUES (283, 'Appointment list', 1, 'com.ruoyi.appointment.controller.VisaAppointmentController.add()', 'POST', 1, 'admin', '研发部门', '/appointment_record/appointment_record', '127.0.0.1', '内网IP', '{\"appointmentTime\":\"3\",\"createTime\":\"2025-01-19 04:55:19\",\"id\":17,\"params\":{}}', '{\"msg\":\"操作成功\",\"code\":200}', 0, NULL, '2025-01-19 04:55:19', 8);
INSERT INTO `sys_oper_log` VALUES (284, 'Appointment list', 1, 'com.ruoyi.appointment.controller.VisaAppointmentController.add()', 'POST', 1, 'admin', '研发部门', '/appointment_record/appointment_record', '127.0.0.1', '内网IP', '{\"activityId\":8,\"appointmentName\":\"1134\",\"appointmentTime\":\"1\",\"createTime\":\"2025-01-19 05:08:34\",\"id\":18,\"params\":{},\"roleId\":2,\"userId\":1,\"userName\":\"admin\"}', '{\"msg\":\"操作成功\",\"code\":200}', 0, NULL, '2025-01-19 05:08:34', 11);
INSERT INTO `sys_oper_log` VALUES (285, 'Appointment list', 3, 'com.ruoyi.appointment.controller.VisaAppointmentController.remove()', 'DELETE', 1, 'admin', '研发部门', '/appointment_record/appointment_record/17', '127.0.0.1', '内网IP', '[17]', '{\"msg\":\"操作成功\",\"code\":200}', 0, NULL, '2025-01-19 05:08:43', 17);
INSERT INTO `sys_oper_log` VALUES (286, 'Appointment list', 1, 'com.ruoyi.appointment.controller.VisaAppointmentController.add()', 'POST', 1, 'admin', '研发部门', '/appointment_record/appointment_record', '127.0.0.1', '内网IP', '{\"activityId\":8,\"appointmentName\":\"1134\",\"appointmentTime\":\"1\",\"createTime\":\"2025-01-19 05:09:36\",\"params\":{},\"roleId\":2,\"userId\":1,\"userName\":\"admin\"}', NULL, 1, '\r\n### Error updating database.  Cause: java.sql.SQLIntegrityConstraintViolationException: Duplicate entry \'8\' for key \'visa_appointment.unique_activity_id\'\r\n### The error may exist in file [D:\\FYProject\\Visa-Management-System-abavc\\ruoyi-appointment\\target\\classes\\mapper\\appointment_record\\VisaAppointmentMapper.xml]\r\n### The error may involve com.ruoyi.appointment.mapper.VisaAppointmentMapper.insertVisaAppointment-Inline\r\n### The error occurred while setting parameters\r\n### SQL: insert into visa_appointment          ( activity_id,             appointment_name,             user_id,             user_name,             appointment_time,             role_id,                          create_time )           values ( ?,             ?,             ?,             ?,             ?,             ?,                          ? )\r\n### Cause: java.sql.SQLIntegrityConstraintViolationException: Duplicate entry \'8\' for key \'visa_appointment.unique_activity_id\'\n; Duplicate entry \'8\' for key \'visa_appointment.unique_activity_id\'; nested exception is java.sql.SQLIntegrityConstraintViolationException: Duplicate entry \'8\' for key \'visa_appointment.unique_activity_id\'', '2025-01-19 05:09:36', 10);
INSERT INTO `sys_oper_log` VALUES (287, 'Appointment list', 3, 'com.ruoyi.appointment.controller.VisaAppointmentController.remove()', 'DELETE', 1, 'admin', '研发部门', '/appointment_record/appointment_record/18', '127.0.0.1', '内网IP', '[18]', '{\"msg\":\"操作成功\",\"code\":200}', 0, NULL, '2025-01-19 05:09:42', 9);
INSERT INTO `sys_oper_log` VALUES (288, 'Appointment list', 1, 'com.ruoyi.appointment.controller.VisaAppointmentController.add()', 'POST', 1, 'admin', '研发部门', '/appointment_record/appointment_record', '127.0.0.1', '内网IP', '{\"activityId\":8,\"appointmentName\":\"1134\",\"appointmentTime\":\"1\",\"createTime\":\"2025-01-19 05:09:46\",\"id\":20,\"params\":{},\"roleId\":2,\"userId\":1,\"userName\":\"admin\"}', '{\"msg\":\"操作成功\",\"code\":200}', 0, NULL, '2025-01-19 05:09:46', 11);
INSERT INTO `sys_oper_log` VALUES (289, 'Appointment list', 3, 'com.ruoyi.appointment.controller.VisaAppointmentController.remove()', 'DELETE', 1, 'admin', '研发部门', '/appointment_record/appointment_record/20', '127.0.0.1', '内网IP', '[20]', '{\"msg\":\"操作成功\",\"code\":200}', 0, NULL, '2025-01-19 05:12:12', 6);
INSERT INTO `sys_oper_log` VALUES (290, 'Appointment list', 1, 'com.ruoyi.appointment.controller.VisaAppointmentController.add()', 'POST', 1, 'admin', '研发部门', '/appointment_record/appointment_record', '127.0.0.1', '内网IP', '{\"activityId\":8,\"appointmentName\":\"1134\",\"appointmentTime\":\"1\",\"createTime\":\"2025-01-19 05:13:12\",\"id\":21,\"params\":{},\"roleId\":2,\"userId\":1,\"userName\":\"admin\"}', '{\"msg\":\"操作成功\",\"code\":200}', 0, NULL, '2025-01-19 05:13:12', 6);
INSERT INTO `sys_oper_log` VALUES (291, 'Appointment list', 1, 'com.ruoyi.appointment.controller.VisaAppointmentController.add()', 'POST', 1, 'admin', '研发部门', '/appointment_record/appointment_record', '127.0.0.1', '内网IP', '{\"activityId\":8,\"appointmentName\":\"1134\",\"appointmentTime\":\"1\",\"createTime\":\"2025-01-19 05:13:20\",\"params\":{},\"roleId\":2,\"userId\":1,\"userName\":\"admin\"}', NULL, 1, '\r\n### Error updating database.  Cause: java.sql.SQLIntegrityConstraintViolationException: Duplicate entry \'8\' for key \'visa_appointment.unique_activity_id\'\r\n### The error may exist in file [D:\\FYProject\\Visa-Management-System-abavc\\ruoyi-appointment\\target\\classes\\mapper\\appointment_record\\VisaAppointmentMapper.xml]\r\n### The error may involve com.ruoyi.appointment.mapper.VisaAppointmentMapper.insertVisaAppointment-Inline\r\n### The error occurred while setting parameters\r\n### SQL: insert into visa_appointment          ( activity_id,             appointment_name,             user_id,             user_name,             appointment_time,             role_id,                          create_time )           values ( ?,             ?,             ?,             ?,             ?,             ?,                          ? )\r\n### Cause: java.sql.SQLIntegrityConstraintViolationException: Duplicate entry \'8\' for key \'visa_appointment.unique_activity_id\'\n; Duplicate entry \'8\' for key \'visa_appointment.unique_activity_id\'; nested exception is java.sql.SQLIntegrityConstraintViolationException: Duplicate entry \'8\' for key \'visa_appointment.unique_activity_id\'', '2025-01-19 05:13:20', 17);
INSERT INTO `sys_oper_log` VALUES (292, 'Appointment list', 1, 'com.ruoyi.appointment.controller.VisaAppointmentController.add()', 'POST', 1, 'admin', '研发部门', '/appointment_record/appointment_record', '127.0.0.1', '内网IP', '{\"appointmentTime\":\"3\",\"createTime\":\"2025-01-19 05:17:24\",\"id\":23,\"params\":{}}', '{\"msg\":\"操作成功\",\"code\":200}', 0, NULL, '2025-01-19 05:17:24', 0);
INSERT INTO `sys_oper_log` VALUES (293, 'Appointment list', 3, 'com.ruoyi.appointment.controller.VisaAppointmentController.remove()', 'DELETE', 1, 'admin', '研发部门', '/appointment_record/appointment_record/23', '127.0.0.1', '内网IP', '[23]', '{\"msg\":\"操作成功\",\"code\":200}', 0, NULL, '2025-01-19 05:17:26', 14);
INSERT INTO `sys_oper_log` VALUES (294, 'Appointment list', 1, 'com.ruoyi.appointment.controller.VisaAppointmentController.add()', 'POST', 1, 'admin', '研发部门', '/appointment_record/appointment_record', '127.0.0.1', '内网IP', '{\"activityId\":8,\"appointmentName\":\"1134\",\"appointmentTime\":\"1\",\"createTime\":\"2025-01-19 05:17:30\",\"params\":{},\"roleId\":2,\"userId\":1,\"userName\":\"admin\"}', NULL, 1, '\r\n### Error updating database.  Cause: java.sql.SQLIntegrityConstraintViolationException: Duplicate entry \'8\' for key \'visa_appointment.unique_activity_id\'\r\n### The error may exist in file [D:\\FYProject\\Visa-Management-System-abavc\\ruoyi-appointment\\target\\classes\\mapper\\appointment_record\\VisaAppointmentMapper.xml]\r\n### The error may involve com.ruoyi.appointment.mapper.VisaAppointmentMapper.insertVisaAppointment-Inline\r\n### The error occurred while setting parameters\r\n### SQL: insert into visa_appointment          ( activity_id,             appointment_name,             user_id,             user_name,             appointment_time,             role_id,                          create_time )           values ( ?,             ?,             ?,             ?,             ?,             ?,                          ? )\r\n### Cause: java.sql.SQLIntegrityConstraintViolationException: Duplicate entry \'8\' for key \'visa_appointment.unique_activity_id\'\n; Duplicate entry \'8\' for key \'visa_appointment.unique_activity_id\'; nested exception is java.sql.SQLIntegrityConstraintViolationException: Duplicate entry \'8\' for key \'visa_appointment.unique_activity_id\'', '2025-01-19 05:17:30', 8);
INSERT INTO `sys_oper_log` VALUES (295, 'Appointment list', 3, 'com.ruoyi.appointment.controller.VisaAppointmentController.remove()', 'DELETE', 1, 'admin', '研发部门', '/appointment_record/appointment_record/21', '127.0.0.1', '内网IP', '[21]', '{\"msg\":\"操作成功\",\"code\":200}', 0, NULL, '2025-01-19 05:17:38', 3);
INSERT INTO `sys_oper_log` VALUES (296, 'Appointment list', 1, 'com.ruoyi.appointment.controller.VisaAppointmentController.add()', 'POST', 1, 'admin', '研发部门', '/appointment_record/appointment_record', '127.0.0.1', '内网IP', '{\"activityId\":8,\"appointmentName\":\"1134\",\"appointmentTime\":\"1\",\"createTime\":\"2025-01-19 05:17:40\",\"id\":25,\"params\":{},\"roleId\":2,\"userId\":1,\"userName\":\"admin\"}', '{\"msg\":\"操作成功\",\"code\":200}', 0, NULL, '2025-01-19 05:17:40', 7);
INSERT INTO `sys_oper_log` VALUES (297, 'Appointment list', 3, 'com.ruoyi.appointment.controller.VisaAppointmentController.remove()', 'DELETE', 1, 'admin', '研发部门', '/appointment_record/appointment_record/25', '127.0.0.1', '内网IP', '[25]', '{\"msg\":\"操作成功\",\"code\":200}', 0, NULL, '2025-01-19 05:17:59', 0);
INSERT INTO `sys_oper_log` VALUES (298, 'Appointment list', 1, 'com.ruoyi.appointment.controller.VisaAppointmentController.add()', 'POST', 1, 'admin', '研发部门', '/appointment_record/appointment_record', '127.0.0.1', '内网IP', '{\"activityId\":8,\"appointmentName\":\"1134\",\"appointmentTime\":\"1\",\"createTime\":\"2025-01-19 05:18:02\",\"id\":26,\"params\":{},\"roleId\":2,\"userId\":1,\"userName\":\"admin\"}', '{\"msg\":\"操作成功\",\"code\":200}', 0, NULL, '2025-01-19 05:18:02', 8);
INSERT INTO `sys_oper_log` VALUES (299, '用户管理', 2, 'com.ruoyi.web.controller.system.SysUserController.resetPwd()', 'PUT', 1, 'admin', '研发部门', '/system/user/resetPwd', '127.0.0.1', '内网IP', '{\"admin\":false,\"params\":{},\"updateBy\":\"admin\",\"userId\":3}', '{\"msg\":\"操作成功\",\"code\":200}', 0, NULL, '2025-01-19 05:49:45', 83);
INSERT INTO `sys_oper_log` VALUES (300, '用户管理', 2, 'com.ruoyi.web.controller.system.SysUserController.resetPwd()', 'PUT', 1, 'admin', '研发部门', '/system/user/resetPwd', '127.0.0.1', '内网IP', '{\"admin\":false,\"params\":{},\"updateBy\":\"admin\",\"userId\":5}', '{\"msg\":\"操作成功\",\"code\":200}', 0, NULL, '2025-01-19 05:49:51', 75);
INSERT INTO `sys_oper_log` VALUES (301, '角色管理', 2, 'com.ruoyi.web.controller.system.SysRoleController.edit()', 'PUT', 1, 'admin', '研发部门', '/system/role', '127.0.0.1', '内网IP', '{\"admin\":false,\"createTime\":\"2024-11-30 10:29:36\",\"dataScope\":\"1\",\"delFlag\":\"0\",\"deptCheckStrictly\":true,\"flag\":false,\"menuCheckStrictly\":false,\"menuIds\":[2000,2001,2002,2003,2004,2005,2006,2007,2008,2011,2012,2013,2014,2015,2016,2017,2018,2019,2020,2021,2022,2023,2024],\"params\":{},\"remark\":\"普通角色\",\"roleId\":2,\"roleKey\":\"common\",\"roleName\":\"普通角色\",\"roleSort\":2,\"status\":\"0\",\"updateBy\":\"admin\"}', '{\"msg\":\"操作成功\",\"code\":200}', 0, NULL, '2025-01-19 05:50:38', 30);
INSERT INTO `sys_oper_log` VALUES (302, 'Appointment list', 1, 'com.ruoyi.appointment.controller.VisaAppointmentController.add()', 'POST', 1, 'user1', '若依科技', '/appointment_record/appointment_record', '127.0.0.1', '内网IP', '{\"activityId\":8,\"appointmentName\":\"1134\",\"appointmentTime\":\"1\",\"createTime\":\"2025-01-19 05:51:19\",\"params\":{},\"roleId\":2,\"userId\":3,\"userName\":\"user1\"}', NULL, 1, '\r\n### Error updating database.  Cause: java.sql.SQLIntegrityConstraintViolationException: Duplicate entry \'8\' for key \'visa_appointment.unique_activity_id\'\r\n### The error may exist in file [D:\\FYProject\\Visa-Management-System-abavc\\ruoyi-appointment\\target\\classes\\mapper\\appointment_record\\VisaAppointmentMapper.xml]\r\n### The error may involve com.ruoyi.appointment.mapper.VisaAppointmentMapper.insertVisaAppointment-Inline\r\n### The error occurred while setting parameters\r\n### SQL: insert into visa_appointment          ( activity_id,             appointment_name,             user_id,             user_name,             appointment_time,             role_id,                          create_time )           values ( ?,             ?,             ?,             ?,             ?,             ?,                          ? )\r\n### Cause: java.sql.SQLIntegrityConstraintViolationException: Duplicate entry \'8\' for key \'visa_appointment.unique_activity_id\'\n; Duplicate entry \'8\' for key \'visa_appointment.unique_activity_id\'; nested exception is java.sql.SQLIntegrityConstraintViolationException: Duplicate entry \'8\' for key \'visa_appointment.unique_activity_id\'', '2025-01-19 05:51:19', 0);
INSERT INTO `sys_oper_log` VALUES (303, 'Activity list', 1, 'com.ruoyi.appointment.controller.VisaActivityController.add()', 'POST', 1, 'user1', '若依科技', '/activity_check/activity', '127.0.0.1', '内网IP', '{\"activityContent\":\"<p>23333</p>\",\"activityName\":\"888\",\"closeTime\":\"2025-01-23 00:00\",\"createTime\":\"2025-01-19 05:52:21\",\"id\":9,\"openTime\":\"2025-01-21 00:00\",\"params\":{},\"remark\":\"000\"}', '{\"msg\":\"操作成功\",\"code\":200}', 0, NULL, '2025-01-19 05:52:21', 17);
INSERT INTO `sys_oper_log` VALUES (304, 'Appointment list', 1, 'com.ruoyi.appointment.controller.VisaAppointmentController.add()', 'POST', 1, 'user1', '若依科技', '/appointment_record/appointment_record', '127.0.0.1', '内网IP', '{\"activityId\":9,\"appointmentName\":\"888\",\"appointmentTime\":\"1\",\"createTime\":\"2025-01-19 05:52:25\",\"id\":28,\"params\":{},\"roleId\":2,\"userId\":3,\"userName\":\"user1\"}', '{\"msg\":\"操作成功\",\"code\":200}', 0, NULL, '2025-01-19 05:52:25', 2);
INSERT INTO `sys_oper_log` VALUES (305, 'Appointment list', 1, 'com.ruoyi.appointment.controller.VisaAppointmentController.add()', 'POST', 1, 'admin', '研发部门', '/appointment_record/appointment_record', '127.0.0.1', '内网IP', '{\"activityId\":8,\"appointmentName\":\"1134\",\"appointmentTime\":\"1\",\"createTime\":\"2025-01-19 06:01:49\",\"id\":29,\"params\":{},\"roleId\":2,\"userId\":1,\"userName\":\"admin\"}', '{\"msg\":\"操作成功\",\"code\":200}', 0, NULL, '2025-01-19 06:01:49', 5);
INSERT INTO `sys_oper_log` VALUES (306, 'Appointment list', 3, 'com.ruoyi.appointment.controller.VisaAppointmentController.remove()', 'DELETE', 1, 'admin', '研发部门', '/appointment_record/appointment_record/29', '127.0.0.1', '内网IP', '[29]', '{\"msg\":\"操作成功\",\"code\":200}', 0, NULL, '2025-01-19 06:01:57', 13);
INSERT INTO `sys_oper_log` VALUES (307, 'Appointment list', 3, 'com.ruoyi.appointment.controller.VisaAppointmentController.remove()', 'DELETE', 1, 'admin', '研发部门', '/appointment_record/appointment_record/26', '127.0.0.1', '内网IP', '[26]', '{\"msg\":\"操作成功\",\"code\":200}', 0, NULL, '2025-01-19 06:01:58', 10);
INSERT INTO `sys_oper_log` VALUES (308, 'Appointment list', 3, 'com.ruoyi.appointment.controller.VisaAppointmentController.remove()', 'DELETE', 1, 'admin', '研发部门', '/appointment_record/appointment_record/28', '127.0.0.1', '内网IP', '[28]', '{\"msg\":\"操作成功\",\"code\":200}', 0, NULL, '2025-01-19 06:02:00', 8);
INSERT INTO `sys_oper_log` VALUES (309, '菜单管理', 2, 'com.ruoyi.web.controller.system.SysMenuController.edit()', 'PUT', 1, 'admin', '研发部门', '/system/menu', '127.0.0.1', '内网IP', '{\"children\":[],\"createTime\":\"2024-11-30 10:29:36\",\"icon\":\"guide\",\"isCache\":\"0\",\"isFrame\":\"0\",\"menuId\":4,\"menuName\":\"若依官网\",\"menuType\":\"M\",\"orderNum\":4,\"params\":{},\"parentId\":0,\"path\":\"http://ruoyi.vip\",\"perms\":\"\",\"query\":\"\",\"routeName\":\"\",\"status\":\"0\",\"updateBy\":\"admin\",\"visible\":\"0\"}', '{\"msg\":\"操作成功\",\"code\":200}', 0, NULL, '2025-01-19 07:49:05', 31);
INSERT INTO `sys_oper_log` VALUES (310, '菜单管理', 2, 'com.ruoyi.web.controller.system.SysMenuController.edit()', 'PUT', 1, 'admin', '研发部门', '/system/menu', '127.0.0.1', '内网IP', '{\"children\":[],\"createTime\":\"2024-11-30 10:29:36\",\"icon\":\"guide\",\"isCache\":\"0\",\"isFrame\":\"1\",\"menuId\":4,\"menuName\":\"若依官网\",\"menuType\":\"M\",\"orderNum\":4,\"params\":{},\"parentId\":0,\"path\":\"https://colrge-gemini-fyp-new.deno.dev/\",\"perms\":\"\",\"query\":\"\",\"routeName\":\"\",\"status\":\"0\",\"updateBy\":\"admin\",\"visible\":\"0\"}', '{\"msg\":\"操作成功\",\"code\":200}', 0, NULL, '2025-01-19 07:50:44', 7);
INSERT INTO `sys_oper_log` VALUES (311, '菜单管理', 2, 'com.ruoyi.web.controller.system.SysMenuController.edit()', 'PUT', 1, 'admin', '研发部门', '/system/menu', '127.0.0.1', '内网IP', '{\"children\":[],\"createTime\":\"2024-11-30 10:29:36\",\"icon\":\"guide\",\"isCache\":\"0\",\"isFrame\":\"1\",\"menuId\":4,\"menuName\":\"AI assistant\",\"menuType\":\"M\",\"orderNum\":4,\"params\":{},\"parentId\":0,\"path\":\"https://colrge-gemini-fyp-new.deno.dev/\",\"perms\":\"\",\"query\":\"\",\"routeName\":\"\",\"status\":\"0\",\"updateBy\":\"admin\",\"visible\":\"0\"}', '{\"msg\":\"操作成功\",\"code\":200}', 0, NULL, '2025-01-19 07:51:57', 8);
INSERT INTO `sys_oper_log` VALUES (312, 'Activity list', 2, 'com.ruoyi.appointment.controller.VisaActivityController.edit()', 'PUT', 1, 'admin', '研发部门', '/activity_check/activity', '127.0.0.1', '内网IP', '{\"activityContent\":\"<p>23333</p>\",\"activityName\":\"888\",\"closeTime\":\"2025-01-23 00:00\",\"createTime\":\"2025-01-19 05:52:22\",\"id\":9,\"openTime\":\"2025-01-21 00:00\",\"params\":{},\"remark\":\"000\",\"updateTime\":\"2025-01-19 08:17:54\"}', '{\"msg\":\"操作成功\",\"code\":200}', 0, NULL, '2025-01-19 08:17:54', 23);
INSERT INTO `sys_oper_log` VALUES (313, 'Appointment list', 1, 'com.ruoyi.appointment.controller.VisaAppointmentController.add()', 'POST', 1, 'admin', '研发部门', '/appointment_record/appointment_record', '127.0.0.1', '内网IP', '{\"activityId\":9,\"appointmentName\":\"888\",\"appointmentTime\":\"1\",\"createTime\":\"2025-01-19 08:18:05\",\"id\":30,\"params\":{},\"roleId\":2,\"userId\":1,\"userName\":\"admin\"}', '{\"msg\":\"操作成功\",\"code\":200}', 0, NULL, '2025-01-19 08:18:05', 18);
INSERT INTO `sys_oper_log` VALUES (314, 'Appointment list', 2, 'com.ruoyi.appointment.controller.VisaAppointmentController.edit()', 'PUT', 1, 'admin', '研发部门', '/appointment_record/appointment_record', '127.0.0.1', '内网IP', '{\"activityId\":9,\"appointmentName\":\"888\",\"appointmentTime\":\"3\",\"createTime\":\"2025-01-19 08:18:05\",\"id\":30,\"params\":{},\"roleId\":2,\"updateTime\":\"2025-01-19 08:18:13\",\"userId\":1,\"userName\":\"admin\"}', '{\"msg\":\"操作成功\",\"code\":200}', 0, NULL, '2025-01-19 08:18:13', 7);
INSERT INTO `sys_oper_log` VALUES (315, '角色管理', 2, 'com.ruoyi.web.controller.system.SysRoleController.edit()', 'PUT', 1, 'admin', '研发部门', '/system/role', '127.0.0.1', '内网IP', '{\"admin\":false,\"createTime\":\"2024-11-30 10:29:36\",\"dataScope\":\"1\",\"delFlag\":\"0\",\"deptCheckStrictly\":true,\"flag\":false,\"menuCheckStrictly\":false,\"menuIds\":[2000,2001,2002,2003,2004,2005,2006,2007,2008,2011,2012,2013,2014,2015,2016,2017,2018,2019,2020,2021,2022,2023,2024,2025,2026,2027,2028,2029,2030,2031,2032,4],\"params\":{},\"remark\":\"普通角色\",\"roleId\":2,\"roleKey\":\"common\",\"roleName\":\"普通角色\",\"roleSort\":2,\"status\":\"0\",\"updateBy\":\"admin\"}', '{\"msg\":\"操作成功\",\"code\":200}', 0, NULL, '2025-01-19 08:35:06', 48);
INSERT INTO `sys_oper_log` VALUES (316, 'File Submission Status Table', 1, 'com.ruoyi.appointment.controller.SubmitStateController.add()', 'POST', 1, 'user1', '若依科技', '/file_submit/file_submit', '127.0.0.1', '内网IP', '{\"createTime\":\"2025-01-19 08:43:49\",\"fileName\":\"passport\",\"params\":{},\"submitStatus\":\"1\"}', NULL, 1, '\r\n### Error updating database.  Cause: java.sql.SQLException: Field \'user_id\' doesn\'t have a default value\r\n### The error may exist in file [D:\\FYProject\\Visa-Management-System-abavc\\ruoyi-appointment\\target\\classes\\mapper\\file_submit\\SubmitStateMapper.xml]\r\n### The error may involve com.ruoyi.appointment.mapper.SubmitStateMapper.insertSubmitState-Inline\r\n### The error occurred while setting parameters\r\n### SQL: insert into submit_state          ( file_name,             submit_status,                                                    create_time )           values ( ?,             ?,                                                    ? )\r\n### Cause: java.sql.SQLException: Field \'user_id\' doesn\'t have a default value\n; Field \'user_id\' doesn\'t have a default value; nested exception is java.sql.SQLException: Field \'user_id\' doesn\'t have a default value', '2025-01-19 08:43:49', 108);
INSERT INTO `sys_oper_log` VALUES (317, 'File Submission Status Table', 1, 'com.ruoyi.appointment.controller.SubmitStateController.add()', 'POST', 1, 'user1', '若依科技', '/file_submit/file_submit', '127.0.0.1', '内网IP', '{\"createTime\":\"2025-01-19 08:43:53\",\"fileName\":\"passport\",\"params\":{},\"submitStatus\":\"1\"}', NULL, 1, '\r\n### Error updating database.  Cause: java.sql.SQLException: Field \'user_id\' doesn\'t have a default value\r\n### The error may exist in file [D:\\FYProject\\Visa-Management-System-abavc\\ruoyi-appointment\\target\\classes\\mapper\\file_submit\\SubmitStateMapper.xml]\r\n### The error may involve com.ruoyi.appointment.mapper.SubmitStateMapper.insertSubmitState-Inline\r\n### The error occurred while setting parameters\r\n### SQL: insert into submit_state          ( file_name,             submit_status,                                                    create_time )           values ( ?,             ?,                                                    ? )\r\n### Cause: java.sql.SQLException: Field \'user_id\' doesn\'t have a default value\n; Field \'user_id\' doesn\'t have a default value; nested exception is java.sql.SQLException: Field \'user_id\' doesn\'t have a default value', '2025-01-19 08:43:53', 0);
INSERT INTO `sys_oper_log` VALUES (318, 'File Submission Status Table', 1, 'com.ruoyi.appointment.controller.SubmitStateController.add()', 'POST', 1, 'user1', '若依科技', '/file_submit/file_submit', '127.0.0.1', '内网IP', '{\"createTime\":\"2025-01-19 08:43:54\",\"fileName\":\"passport\",\"params\":{},\"submitStatus\":\"1\"}', NULL, 1, '\r\n### Error updating database.  Cause: java.sql.SQLException: Field \'user_id\' doesn\'t have a default value\r\n### The error may exist in file [D:\\FYProject\\Visa-Management-System-abavc\\ruoyi-appointment\\target\\classes\\mapper\\file_submit\\SubmitStateMapper.xml]\r\n### The error may involve com.ruoyi.appointment.mapper.SubmitStateMapper.insertSubmitState-Inline\r\n### The error occurred while setting parameters\r\n### SQL: insert into submit_state          ( file_name,             submit_status,                                                    create_time )           values ( ?,             ?,                                                    ? )\r\n### Cause: java.sql.SQLException: Field \'user_id\' doesn\'t have a default value\n; Field \'user_id\' doesn\'t have a default value; nested exception is java.sql.SQLException: Field \'user_id\' doesn\'t have a default value', '2025-01-19 08:43:54', 2);
INSERT INTO `sys_oper_log` VALUES (319, 'File Submission Status Table', 1, 'com.ruoyi.appointment.controller.SubmitStateController.add()', 'POST', 1, 'user1', '若依科技', '/file_submit/file_submit', '127.0.0.1', '内网IP', '{\"createTime\":\"2025-01-19 08:44:37\",\"fileName\":\"passport\",\"params\":{},\"submitStatus\":\"1\"}', NULL, 1, '\r\n### Error updating database.  Cause: java.sql.SQLException: Field \'user_id\' doesn\'t have a default value\r\n### The error may exist in file [D:\\FYProject\\Visa-Management-System-abavc\\ruoyi-appointment\\target\\classes\\mapper\\file_submit\\SubmitStateMapper.xml]\r\n### The error may involve com.ruoyi.appointment.mapper.SubmitStateMapper.insertSubmitState-Inline\r\n### The error occurred while setting parameters\r\n### SQL: insert into submit_state          ( file_name,             submit_status,                                                    create_time )           values ( ?,             ?,                                                    ? )\r\n### Cause: java.sql.SQLException: Field \'user_id\' doesn\'t have a default value\n; Field \'user_id\' doesn\'t have a default value; nested exception is java.sql.SQLException: Field \'user_id\' doesn\'t have a default value', '2025-01-19 08:44:37', 2);
INSERT INTO `sys_oper_log` VALUES (320, 'File Submission Status Table', 1, 'com.ruoyi.appointment.controller.SubmitStateController.add()', 'POST', 1, 'user1', '若依科技', '/file_submit/file_submit', '127.0.0.1', '内网IP', '{\"createTime\":\"2025-01-19 08:44:46\",\"fileName\":\"passport\",\"params\":{},\"remark\":\"000\",\"submitStatus\":\"1\"}', NULL, 1, '\r\n### Error updating database.  Cause: java.sql.SQLException: Field \'user_id\' doesn\'t have a default value\r\n### The error may exist in file [D:\\FYProject\\Visa-Management-System-abavc\\ruoyi-appointment\\target\\classes\\mapper\\file_submit\\SubmitStateMapper.xml]\r\n### The error may involve com.ruoyi.appointment.mapper.SubmitStateMapper.insertSubmitState-Inline\r\n### The error occurred while setting parameters\r\n### SQL: insert into submit_state          ( file_name,             submit_status,                                                    create_time,                                       remark )           values ( ?,             ?,                                                    ?,                                       ? )\r\n### Cause: java.sql.SQLException: Field \'user_id\' doesn\'t have a default value\n; Field \'user_id\' doesn\'t have a default value; nested exception is java.sql.SQLException: Field \'user_id\' doesn\'t have a default value', '2025-01-19 08:44:46', 2);
INSERT INTO `sys_oper_log` VALUES (321, 'File Submission Status Table', 1, 'com.ruoyi.appointment.controller.SubmitStateController.add()', 'POST', 1, 'user1', '若依科技', '/file_submit/file_submit', '127.0.0.1', '内网IP', '{\"createTime\":\"2025-01-19 08:48:21\",\"fileName\":\"passport\",\"params\":{},\"remark\":\"000\",\"submitStatus\":\"1\"}', NULL, 1, '\r\n### Error updating database.  Cause: java.sql.SQLException: Field \'user_id\' doesn\'t have a default value\r\n### The error may exist in file [D:\\FYProject\\Visa-Management-System-abavc\\ruoyi-appointment\\target\\classes\\mapper\\file_submit\\SubmitStateMapper.xml]\r\n### The error may involve com.ruoyi.appointment.mapper.SubmitStateMapper.insertSubmitState-Inline\r\n### The error occurred while setting parameters\r\n### SQL: insert into submit_state          ( file_name,             submit_status,                                                    create_time,                                       remark )           values ( ?,             ?,                                                    ?,                                       ? )\r\n### Cause: java.sql.SQLException: Field \'user_id\' doesn\'t have a default value\n; Field \'user_id\' doesn\'t have a default value; nested exception is java.sql.SQLException: Field \'user_id\' doesn\'t have a default value', '2025-01-19 08:48:21', 3);
INSERT INTO `sys_oper_log` VALUES (322, 'File Submission Status Table', 1, 'com.ruoyi.appointment.controller.SubmitStateController.add()', 'POST', 1, 'user1', '若依科技', '/file_submit/file_submit', '127.0.0.1', '内网IP', '{\"createTime\":\"2025-01-19 08:49:50\",\"fileName\":\"passport\",\"id\":3,\"params\":{},\"submitStatus\":\"1\"}', '{\"msg\":\"操作成功\",\"code\":200}', 0, NULL, '2025-01-19 08:49:50', 12);
INSERT INTO `sys_oper_log` VALUES (323, 'File Submission Status Table', 1, 'com.ruoyi.appointment.controller.SubmitStateController.add()', 'POST', 1, 'user1', '若依科技', '/file_submit/file_submit', '127.0.0.1', '内网IP', '{\"createTime\":\"2025-01-19 08:57:33\",\"fileName\":\"passport\",\"id\":4,\"params\":{},\"submitStatus\":\"1\",\"userId\":3,\"userName\":\"user1\"}', '{\"msg\":\"操作成功\",\"code\":200}', 0, NULL, '2025-01-19 08:57:33', 2);
INSERT INTO `sys_oper_log` VALUES (324, 'File Submission Status Table', 3, 'com.ruoyi.appointment.controller.SubmitStateController.remove()', 'DELETE', 1, 'admin', '研发部门', '/file_submit/file_submit/3', '127.0.0.1', '内网IP', '[3]', '{\"msg\":\"操作成功\",\"code\":200}', 0, NULL, '2025-01-19 09:00:28', 4);
INSERT INTO `sys_oper_log` VALUES (325, 'Appointment list', 1, 'com.ruoyi.appointment.controller.VisaAppointmentController.add()', 'POST', 1, 'user1', '若依科技', '/appointment_record/appointment_record', '127.0.0.1', '内网IP', '{\"activityId\":9,\"appointmentName\":\"888\",\"appointmentTime\":\"1\",\"createTime\":\"2025-01-19 09:04:08\",\"id\":31,\"params\":{},\"roleId\":2,\"userId\":3,\"userName\":\"user1\"}', '{\"msg\":\"操作成功\",\"code\":200}', 0, NULL, '2025-01-19 09:04:08', 9);
INSERT INTO `sys_oper_log` VALUES (326, 'File Submission Status Table', 1, 'com.ruoyi.appointment.controller.SubmitStateController.add()', 'POST', 1, 'user1', '若依科技', '/file_submit/file_submit', '127.0.0.1', '内网IP', '{\"createTime\":\"2025-01-19 09:38:01\",\"fileName\":\"abcdef\",\"id\":5,\"params\":{},\"submitStatus\":\"1\",\"userId\":3,\"userName\":\"user1\"}', '{\"msg\":\"操作成功\",\"code\":200}', 0, NULL, '2025-01-19 09:38:01', 9);

-- ----------------------------
-- Table structure for sys_post
-- ----------------------------
DROP TABLE IF EXISTS `sys_post`;
CREATE TABLE `sys_post`  (
  `post_id` bigint NOT NULL AUTO_INCREMENT COMMENT '岗位ID',
  `post_code` varchar(64) CHARACTER SET utf8mb4 COLLATE utf8mb4_general_ci NOT NULL COMMENT '岗位编码',
  `post_name` varchar(50) CHARACTER SET utf8mb4 COLLATE utf8mb4_general_ci NOT NULL COMMENT '岗位名称',
  `post_sort` int NOT NULL COMMENT '显示顺序',
  `status` char(1) CHARACTER SET utf8mb4 COLLATE utf8mb4_general_ci NOT NULL COMMENT '状态（0正常 1停用）',
  `create_by` varchar(64) CHARACTER SET utf8mb4 COLLATE utf8mb4_general_ci NULL DEFAULT '' COMMENT '创建者',
  `create_time` datetime NULL DEFAULT NULL COMMENT '创建时间',
  `update_by` varchar(64) CHARACTER SET utf8mb4 COLLATE utf8mb4_general_ci NULL DEFAULT '' COMMENT '更新者',
  `update_time` datetime NULL DEFAULT NULL COMMENT '更新时间',
  `remark` varchar(500) CHARACTER SET utf8mb4 COLLATE utf8mb4_general_ci NULL DEFAULT NULL COMMENT '备注',
  PRIMARY KEY (`post_id`) USING BTREE
) ENGINE = InnoDB AUTO_INCREMENT = 5 CHARACTER SET = utf8mb4 COLLATE = utf8mb4_general_ci COMMENT = '岗位信息表' ROW_FORMAT = DYNAMIC;

-- ----------------------------
-- Records of sys_post
-- ----------------------------
INSERT INTO `sys_post` VALUES (1, 'ceo', '董事长', 1, '0', 'admin', '2024-11-30 10:29:36', '', NULL, '');
INSERT INTO `sys_post` VALUES (2, 'se', '项目经理', 2, '0', 'admin', '2024-11-30 10:29:36', '', NULL, '');
INSERT INTO `sys_post` VALUES (3, 'hr', '人力资源', 3, '0', 'admin', '2024-11-30 10:29:36', '', NULL, '');
INSERT INTO `sys_post` VALUES (4, 'user', '普通员工', 4, '0', 'admin', '2024-11-30 10:29:36', '', NULL, '');

-- ----------------------------
-- Table structure for sys_role
-- ----------------------------
DROP TABLE IF EXISTS `sys_role`;
CREATE TABLE `sys_role`  (
  `role_id` bigint NOT NULL AUTO_INCREMENT COMMENT '角色ID',
  `role_name` varchar(30) CHARACTER SET utf8mb4 COLLATE utf8mb4_general_ci NOT NULL COMMENT '角色名称',
  `role_key` varchar(100) CHARACTER SET utf8mb4 COLLATE utf8mb4_general_ci NOT NULL COMMENT '角色权限字符串',
  `role_sort` int NOT NULL COMMENT '显示顺序',
  `data_scope` char(1) CHARACTER SET utf8mb4 COLLATE utf8mb4_general_ci NULL DEFAULT '1' COMMENT '数据范围（1：全部数据权限 2：自定数据权限 3：本部门数据权限 4：本部门及以下数据权限）',
  `menu_check_strictly` tinyint(1) NULL DEFAULT 1 COMMENT '菜单树选择项是否关联显示',
  `dept_check_strictly` tinyint(1) NULL DEFAULT 1 COMMENT '部门树选择项是否关联显示',
  `status` char(1) CHARACTER SET utf8mb4 COLLATE utf8mb4_general_ci NOT NULL COMMENT '角色状态（0正常 1停用）',
  `del_flag` char(1) CHARACTER SET utf8mb4 COLLATE utf8mb4_general_ci NULL DEFAULT '0' COMMENT '删除标志（0代表存在 2代表删除）',
  `create_by` varchar(64) CHARACTER SET utf8mb4 COLLATE utf8mb4_general_ci NULL DEFAULT '' COMMENT '创建者',
  `create_time` datetime NULL DEFAULT NULL COMMENT '创建时间',
  `update_by` varchar(64) CHARACTER SET utf8mb4 COLLATE utf8mb4_general_ci NULL DEFAULT '' COMMENT '更新者',
  `update_time` datetime NULL DEFAULT NULL COMMENT '更新时间',
  `remark` varchar(500) CHARACTER SET utf8mb4 COLLATE utf8mb4_general_ci NULL DEFAULT NULL COMMENT '备注',
  PRIMARY KEY (`role_id`) USING BTREE
) ENGINE = InnoDB AUTO_INCREMENT = 4 CHARACTER SET = utf8mb4 COLLATE = utf8mb4_general_ci COMMENT = '角色信息表' ROW_FORMAT = DYNAMIC;

-- ----------------------------
-- Records of sys_role
-- ----------------------------
INSERT INTO `sys_role` VALUES (1, '超级管理员', 'admin', 1, '1', 1, 1, '0', '0', 'admin', '2024-11-30 10:29:36', '', NULL, '超级管理员');
INSERT INTO `sys_role` VALUES (2, '普通角色', 'common', 2, '1', 0, 1, '0', '0', 'admin', '2024-11-30 10:29:36', 'admin', '2025-01-19 08:35:06', '普通角色');
INSERT INTO `sys_role` VALUES (3, '审核员', 'reviewer', 1, '1', 0, 1, '0', '0', 'admin', '2024-12-01 16:31:13', 'admin', '2024-12-02 10:02:37', NULL);

-- ----------------------------
-- Table structure for sys_role_dept
-- ----------------------------
DROP TABLE IF EXISTS `sys_role_dept`;
CREATE TABLE `sys_role_dept`  (
  `role_id` bigint NOT NULL COMMENT '角色ID',
  `dept_id` bigint NOT NULL COMMENT '部门ID',
  PRIMARY KEY (`role_id`, `dept_id`) USING BTREE
) ENGINE = InnoDB CHARACTER SET = utf8mb4 COLLATE = utf8mb4_general_ci COMMENT = '角色和部门关联表' ROW_FORMAT = DYNAMIC;

-- ----------------------------
-- Records of sys_role_dept
-- ----------------------------

-- ----------------------------
-- Table structure for sys_role_menu
-- ----------------------------
DROP TABLE IF EXISTS `sys_role_menu`;
CREATE TABLE `sys_role_menu`  (
  `role_id` bigint NOT NULL COMMENT '角色ID',
  `menu_id` bigint NOT NULL COMMENT '菜单ID',
  PRIMARY KEY (`role_id`, `menu_id`) USING BTREE
) ENGINE = InnoDB CHARACTER SET = utf8mb4 COLLATE = utf8mb4_general_ci COMMENT = '角色和菜单关联表' ROW_FORMAT = DYNAMIC;

-- ----------------------------
-- Records of sys_role_menu
-- ----------------------------
INSERT INTO `sys_role_menu` VALUES (2, 4);
INSERT INTO `sys_role_menu` VALUES (2, 2000);
INSERT INTO `sys_role_menu` VALUES (2, 2001);
INSERT INTO `sys_role_menu` VALUES (2, 2002);
INSERT INTO `sys_role_menu` VALUES (2, 2003);
INSERT INTO `sys_role_menu` VALUES (2, 2004);
INSERT INTO `sys_role_menu` VALUES (2, 2005);
INSERT INTO `sys_role_menu` VALUES (2, 2006);
INSERT INTO `sys_role_menu` VALUES (2, 2007);
INSERT INTO `sys_role_menu` VALUES (2, 2008);
INSERT INTO `sys_role_menu` VALUES (2, 2011);
INSERT INTO `sys_role_menu` VALUES (2, 2012);
INSERT INTO `sys_role_menu` VALUES (2, 2013);
INSERT INTO `sys_role_menu` VALUES (2, 2014);
INSERT INTO `sys_role_menu` VALUES (2, 2015);
INSERT INTO `sys_role_menu` VALUES (2, 2016);
INSERT INTO `sys_role_menu` VALUES (2, 2017);
INSERT INTO `sys_role_menu` VALUES (2, 2018);
INSERT INTO `sys_role_menu` VALUES (2, 2019);
INSERT INTO `sys_role_menu` VALUES (2, 2020);
INSERT INTO `sys_role_menu` VALUES (2, 2021);
INSERT INTO `sys_role_menu` VALUES (2, 2022);
INSERT INTO `sys_role_menu` VALUES (2, 2023);
INSERT INTO `sys_role_menu` VALUES (2, 2024);
INSERT INTO `sys_role_menu` VALUES (2, 2025);
INSERT INTO `sys_role_menu` VALUES (2, 2026);
INSERT INTO `sys_role_menu` VALUES (2, 2027);
INSERT INTO `sys_role_menu` VALUES (2, 2028);
INSERT INTO `sys_role_menu` VALUES (2, 2029);
INSERT INTO `sys_role_menu` VALUES (2, 2030);
INSERT INTO `sys_role_menu` VALUES (2, 2031);
INSERT INTO `sys_role_menu` VALUES (2, 2032);
INSERT INTO `sys_role_menu` VALUES (3, 2000);
INSERT INTO `sys_role_menu` VALUES (3, 2001);
INSERT INTO `sys_role_menu` VALUES (3, 2002);
INSERT INTO `sys_role_menu` VALUES (3, 2003);
INSERT INTO `sys_role_menu` VALUES (3, 2004);
INSERT INTO `sys_role_menu` VALUES (3, 2005);
INSERT INTO `sys_role_menu` VALUES (3, 2009);

-- ----------------------------
-- Table structure for sys_user
-- ----------------------------
DROP TABLE IF EXISTS `sys_user`;
CREATE TABLE `sys_user`  (
  `user_id` bigint NOT NULL AUTO_INCREMENT COMMENT '用户ID',
  `dept_id` bigint NULL DEFAULT NULL COMMENT '部门ID',
  `user_name` varchar(30) CHARACTER SET utf8mb4 COLLATE utf8mb4_general_ci NOT NULL COMMENT '用户账号',
  `nick_name` varchar(30) CHARACTER SET utf8mb4 COLLATE utf8mb4_general_ci NOT NULL COMMENT '用户昵称',
  `user_type` varchar(2) CHARACTER SET utf8mb4 COLLATE utf8mb4_general_ci NULL DEFAULT '00' COMMENT '用户类型（00系统用户）',
  `email` varchar(50) CHARACTER SET utf8mb4 COLLATE utf8mb4_general_ci NULL DEFAULT '' COMMENT '用户邮箱',
  `phonenumber` varchar(11) CHARACTER SET utf8mb4 COLLATE utf8mb4_general_ci NULL DEFAULT '' COMMENT '手机号码',
  `sex` char(1) CHARACTER SET utf8mb4 COLLATE utf8mb4_general_ci NULL DEFAULT '0' COMMENT '用户性别（0男 1女 2未知）',
  `avatar` varchar(100) CHARACTER SET utf8mb4 COLLATE utf8mb4_general_ci NULL DEFAULT '' COMMENT '头像地址',
  `password` varchar(100) CHARACTER SET utf8mb4 COLLATE utf8mb4_general_ci NULL DEFAULT '' COMMENT '密码',
  `status` char(1) CHARACTER SET utf8mb4 COLLATE utf8mb4_general_ci NULL DEFAULT '0' COMMENT '帐号状态（0正常 1停用）',
  `del_flag` char(1) CHARACTER SET utf8mb4 COLLATE utf8mb4_general_ci NULL DEFAULT '0' COMMENT '删除标志（0代表存在 2代表删除）',
  `login_ip` varchar(128) CHARACTER SET utf8mb4 COLLATE utf8mb4_general_ci NULL DEFAULT '' COMMENT '最后登录IP',
  `login_date` datetime NULL DEFAULT NULL COMMENT '最后登录时间',
  `create_by` varchar(64) CHARACTER SET utf8mb4 COLLATE utf8mb4_general_ci NULL DEFAULT '' COMMENT '创建者',
  `create_time` datetime NULL DEFAULT NULL COMMENT '创建时间',
  `update_by` varchar(64) CHARACTER SET utf8mb4 COLLATE utf8mb4_general_ci NULL DEFAULT '' COMMENT '更新者',
  `update_time` datetime NULL DEFAULT NULL COMMENT '更新时间',
  `remark` varchar(500) CHARACTER SET utf8mb4 COLLATE utf8mb4_general_ci NULL DEFAULT NULL COMMENT '备注',
  PRIMARY KEY (`user_id`) USING BTREE,
  UNIQUE INDEX `idx_user_id_name`(`user_id` ASC, `user_name` ASC) USING BTREE
) ENGINE = InnoDB AUTO_INCREMENT = 6 CHARACTER SET = utf8mb4 COLLATE = utf8mb4_general_ci COMMENT = '用户信息表' ROW_FORMAT = DYNAMIC;

-- ----------------------------
-- Records of sys_user
-- ----------------------------
INSERT INTO `sys_user` VALUES (1, 103, 'admin', '若依', '00', 'ry@163.com', '15888888888', '1', '', '$2a$10$7JB720yubVSZvUI0rEqK/.VqGOZTH.ulu33dHOiBE8ByOhJIrdAu2', '0', '0', '127.0.0.1', '2025-01-19 09:30:25', 'admin', '2024-11-30 10:29:36', '', '2025-01-19 09:30:25', '管理员');
INSERT INTO `sys_user` VALUES (2, 105, 'ry', '若依', '00', 'ry@qq.com', '15666666666', '1', '', '$2a$10$7JB720yubVSZvUI0rEqK/.VqGOZTH.ulu33dHOiBE8ByOhJIrdAu2', '0', '0', '127.0.0.1', '2024-11-30 10:29:36', 'admin', '2024-11-30 10:29:36', 'admin', '2024-12-01 23:21:22', '测试员');
INSERT INTO `sys_user` VALUES (3, 100, 'user1', '张三', '00', 'xv1561211761@gmail.com', '17852583694', '0', '', '$2a$10$YVe/e/MroC0IUCI.t2IIWOFhOFeX8cGop.OTEKLPSm0yIVIlh682a', '0', '0', '127.0.0.1', '2025-01-19 09:31:01', 'admin', '2024-12-02 09:51:15', 'admin', '2025-01-19 09:31:01', NULL);
INSERT INTO `sys_user` VALUES (4, NULL, 'test', 'test', '00', '', '', '0', '', '$2a$10$KqqmVaPiWWdlERBynEp54eFIkx8UDuJl238DN94g0w7UWaTMppUM.', '0', '2', '', NULL, 'admin', '2024-12-02 09:51:47', '', NULL, NULL);
INSERT INTO `sys_user` VALUES (5, 100, 'review1', '审核员1', '00', 'xv15611761@gmail.com', '17846339983', '0', '/profile/avatar/2024/12/04/images_20241204112407A001.jpeg', '$2a$10$NHotyXCYzwI2yKZXiXnagOssoXmIu2jE95DU89I2MG0cpAv13BQp.', '0', '0', '127.0.0.1', '2024-12-04 16:53:30', 'admin', '2024-12-02 09:52:59', 'admin', '2025-01-19 05:49:51', NULL);

-- ----------------------------
-- Table structure for sys_user_post
-- ----------------------------
DROP TABLE IF EXISTS `sys_user_post`;
CREATE TABLE `sys_user_post`  (
  `user_id` bigint NOT NULL COMMENT '用户ID',
  `post_id` bigint NOT NULL COMMENT '岗位ID',
  PRIMARY KEY (`user_id`, `post_id`) USING BTREE
) ENGINE = InnoDB CHARACTER SET = utf8mb4 COLLATE = utf8mb4_general_ci COMMENT = '用户与岗位关联表' ROW_FORMAT = DYNAMIC;

-- ----------------------------
-- Records of sys_user_post
-- ----------------------------
INSERT INTO `sys_user_post` VALUES (1, 1);
INSERT INTO `sys_user_post` VALUES (2, 2);

-- ----------------------------
-- Table structure for sys_user_role
-- ----------------------------
DROP TABLE IF EXISTS `sys_user_role`;
CREATE TABLE `sys_user_role`  (
  `user_id` bigint NOT NULL COMMENT '用户ID',
  `role_id` bigint NOT NULL COMMENT '角色ID',
  PRIMARY KEY (`user_id`, `role_id`) USING BTREE
) ENGINE = InnoDB CHARACTER SET = utf8mb4 COLLATE = utf8mb4_general_ci COMMENT = '用户和角色关联表' ROW_FORMAT = DYNAMIC;

-- ----------------------------
-- Records of sys_user_role
-- ----------------------------
INSERT INTO `sys_user_role` VALUES (1, 1);
INSERT INTO `sys_user_role` VALUES (2, 2);
INSERT INTO `sys_user_role` VALUES (3, 2);
INSERT INTO `sys_user_role` VALUES (5, 3);

-- ----------------------------
-- Table structure for visa_activity
-- ----------------------------
DROP TABLE IF EXISTS `visa_activity`;
CREATE TABLE `visa_activity`  (
  `id` bigint NOT NULL AUTO_INCREMENT COMMENT 'Primary key ID',
  `activity_name` varchar(255) CHARACTER SET utf8mb4 COLLATE utf8mb4_0900_ai_ci NOT NULL COMMENT 'Name of the activity',
  `activity_content` text CHARACTER SET utf8mb4 COLLATE utf8mb4_0900_ai_ci NULL COMMENT 'Content of the activity',
  `open_time` datetime NULL DEFAULT NULL COMMENT 'Time when the activity is open',
  `close_time` datetime NULL DEFAULT NULL COMMENT 'Time when the activity closes',
  `activity_image` varchar(255) CHARACTER SET utf8mb4 COLLATE utf8mb4_0900_ai_ci NULL DEFAULT NULL COMMENT 'Illustration image for the activity',
  `create_by` varchar(64) CHARACTER SET utf8mb4 COLLATE utf8mb4_0900_ai_ci NULL DEFAULT NULL COMMENT 'Created by user',
  `create_time` datetime NULL DEFAULT NULL COMMENT 'Creation time',
  `update_by` varchar(64) CHARACTER SET utf8mb4 COLLATE utf8mb4_0900_ai_ci NULL DEFAULT NULL COMMENT 'Last updated by user',
  `update_time` datetime NULL DEFAULT NULL COMMENT 'Last update time',
  `remark` varchar(255) CHARACTER SET utf8mb4 COLLATE utf8mb4_0900_ai_ci NULL DEFAULT NULL COMMENT 'Remarks',
  PRIMARY KEY (`id`) USING BTREE,
  UNIQUE INDEX `idx_activity_name`(`activity_name` ASC) USING BTREE
) ENGINE = InnoDB AUTO_INCREMENT = 10 CHARACTER SET = utf8mb4 COLLATE = utf8mb4_0900_ai_ci COMMENT = 'Table storing activity details' ROW_FORMAT = Dynamic;

-- ----------------------------
-- Records of visa_activity
-- ----------------------------
INSERT INTO `visa_activity` VALUES (1, 'Visa Application Submission', '<p>Submit your visa application documents.</p>', '2025-01-05 06:22:00', '2025-01-05 00:00:00', '/profile/upload/2025/01/05/Screenshot 2023-04-04 213514_20250105061300A001.png', 'admin', '2025-01-05 03:17:32', NULL, '2025-01-05 06:22:52', 'Initial activity');
INSERT INTO `visa_activity` VALUES (2, 'Visa Interview', 'Attend a face-to-face interview for your visa.', '2025-01-15 10:00:00', '2025-01-15 12:00:00', '/images/visa_interview.jpg', 'admin', '2025-01-05 03:17:32', NULL, NULL, 'Scheduled interview');
INSERT INTO `visa_activity` VALUES (8, '1134', '<p class=\"ql-align-center\">566888955</p>', '2025-01-20 00:00:00', '2025-01-22 00:00:00', NULL, NULL, '2025-01-19 03:50:34', NULL, '2025-01-19 03:52:15', 'NO');
INSERT INTO `visa_activity` VALUES (9, '888', '<p>23333</p>', '2025-01-21 00:00:00', '2025-01-23 00:00:00', NULL, NULL, '2025-01-19 05:52:22', NULL, '2025-01-19 08:17:54', '000');

-- ----------------------------
-- Table structure for visa_application
-- ----------------------------
DROP TABLE IF EXISTS `visa_application`;
CREATE TABLE `visa_application`  (
  `id` bigint NOT NULL AUTO_INCREMENT COMMENT 'Primary Key',
  `applicant_id` bigint NOT NULL COMMENT 'Applicant ID 申请人id',
  `name` varchar(100) CHARACTER SET utf8mb4 COLLATE utf8mb4_general_ci NOT NULL COMMENT 'Name as in Passport MRZ format',
  `matric_number` varchar(50) CHARACTER SET utf8mb4 COLLATE utf8mb4_general_ci NOT NULL COMMENT 'Matric Number',
  `passport_number` varchar(50) CHARACTER SET utf8mb4 COLLATE utf8mb4_general_ci NOT NULL COMMENT 'Passport Number',
  `email` varchar(100) CHARACTER SET utf8mb4 COLLATE utf8mb4_general_ci NOT NULL COMMENT 'Email Address',
  `malaysia_address` text CHARACTER SET utf8mb4 COLLATE utf8mb4_general_ci NOT NULL COMMENT 'Full Address in Malaysia',
  `overseas_address` text CHARACTER SET utf8mb4 COLLATE utf8mb4_general_ci NOT NULL COMMENT 'Full Address Overseas',
  `course_level` varchar(50) CHARACTER SET utf8mb4 COLLATE utf8mb4_general_ci NOT NULL COMMENT 'Course Level',
  `nationality` varchar(50) CHARACTER SET utf8mb4 COLLATE utf8mb4_general_ci NOT NULL COMMENT 'Nationality',
  `mobile_number` varchar(50) CHARACTER SET utf8mb4 COLLATE utf8mb4_general_ci NOT NULL COMMENT 'Mobile Number (WhatsApp)',
  `application_location` varchar(50) CHARACTER SET utf8mb4 COLLATE utf8mb4_general_ci NOT NULL COMMENT 'Location when applying',
  `course_name` varchar(200) CHARACTER SET utf8mb4 COLLATE utf8mb4_general_ci NOT NULL COMMENT 'Course Name',
  `faculty_name` varchar(200) CHARACTER SET utf8mb4 COLLATE utf8mb4_general_ci NOT NULL COMMENT 'Faculty/Institute/School Name',
  `supervisor_name` varchar(100) CHARACTER SET utf8mb4 COLLATE utf8mb4_general_ci NOT NULL COMMENT 'Supervisor/Advisor Name',
  `sponsorship_status` varchar(50) CHARACTER SET utf8mb4 COLLATE utf8mb4_general_ci NULL DEFAULT NULL COMMENT 'Sponsorship status',
  `study_status` varchar(50) CHARACTER SET utf8mb4 COLLATE utf8mb4_general_ci NOT NULL COMMENT 'Study Status (Current semester)',
  `marital_status` varchar(20) CHARACTER SET utf8mb4 COLLATE utf8mb4_general_ci NOT NULL COMMENT 'Marital Status',
  `date_of_birth` date NOT NULL COMMENT 'Date of Birth',
  `current_pass_validity` date NOT NULL COMMENT 'Validity Date of Current Pass',
  `travel_document_issue_date` date NOT NULL COMMENT 'Travel Document Issued Date',
  `travel_document_expiry_date` date NOT NULL COMMENT 'Travel Document Valid Until',
  `last_entry_date` date NOT NULL COMMENT 'Latest date enter Malaysia',
  `travel_document_type` varchar(50) CHARACTER SET utf8mb4 COLLATE utf8mb4_general_ci NOT NULL COMMENT 'Travel Document (Passport) Type',
  `current_pass_type` varchar(50) CHARACTER SET utf8mb4 COLLATE utf8mb4_general_ci NOT NULL COMMENT 'Type of Current Pass',
  `insurance_company` varchar(100) CHARACTER SET utf8mb4 COLLATE utf8mb4_general_ci NULL DEFAULT NULL COMMENT 'Insurance Cover Note Company',
  `status` varchar(20) CHARACTER SET utf8mb4 COLLATE utf8mb4_general_ci NOT NULL DEFAULT 'SUBMITTED' COMMENT 'Application Status: SUBMITTED, UNDER_REVIEW, APPROVED, REJECTED',
  `reviewer_id` bigint NULL DEFAULT NULL COMMENT 'Reviewer ID',
  `remarks` text CHARACTER SET utf8mb4 COLLATE utf8mb4_general_ci NULL COMMENT 'Remarks (including rejection reasons)',
  `created_at` datetime NOT NULL DEFAULT CURRENT_TIMESTAMP COMMENT 'Created Time',
  `updated_at` datetime NOT NULL DEFAULT CURRENT_TIMESTAMP ON UPDATE CURRENT_TIMESTAMP COMMENT 'Updated Time',
  `boarding_pass_img` varchar(255) CHARACTER SET utf8mb4 COLLATE utf8mb4_general_ci NULL DEFAULT NULL,
  `passport_img` varchar(255) CHARACTER SET utf8mb4 COLLATE utf8mb4_general_ci NULL DEFAULT NULL,
  `old_passport_img` varchar(255) CHARACTER SET utf8mb4 COLLATE utf8mb4_general_ci NULL DEFAULT NULL,
  `registration_slip_img` varchar(255) CHARACTER SET utf8mb4 COLLATE utf8mb4_general_ci NULL DEFAULT NULL,
  `academic_result_img` varchar(255) CHARACTER SET utf8mb4 COLLATE utf8mb4_general_ci NULL DEFAULT NULL,
  `attendance_report_img` varchar(255) CHARACTER SET utf8mb4 COLLATE utf8mb4_general_ci NULL DEFAULT NULL,
  `progress_report_img` varchar(255) CHARACTER SET utf8mb4 COLLATE utf8mb4_general_ci NULL DEFAULT NULL,
  `supporting_letter_img` varchar(255) CHARACTER SET utf8mb4 COLLATE utf8mb4_general_ci NULL DEFAULT NULL,
  `emgs_payment_img` varchar(255) CHARACTER SET utf8mb4 COLLATE utf8mb4_general_ci NULL DEFAULT NULL,
  `upm_payment_img` varchar(255) CHARACTER SET utf8mb4 COLLATE utf8mb4_general_ci NULL DEFAULT NULL,
  `insurance_cover_note_img` varchar(255) CHARACTER SET utf8mb4 COLLATE utf8mb4_general_ci NULL DEFAULT NULL,
  PRIMARY KEY (`id`) USING BTREE,
  INDEX `idx_applicant_id`(`applicant_id` ASC) USING BTREE,
  INDEX `idx_reviewer_id`(`reviewer_id` ASC) USING BTREE,
  INDEX `idx_status`(`status` ASC) USING BTREE
) ENGINE = InnoDB AUTO_INCREMENT = 5 CHARACTER SET = utf8mb4 COLLATE = utf8mb4_general_ci COMMENT = 'Visa Application Form' ROW_FORMAT = DYNAMIC;

-- ----------------------------
-- Records of visa_application
-- ----------------------------
INSERT INTO `visa_application` VALUES (1, 3, '123', '12123', '123', '123@qq.com', '123123', '123', '2', '123', '1231', '2', '123', '123', '123', '1', '123', '2', '2024-11-28', '2024-11-28', '2024-11-21', '2024-11-07', '2024-11-14', '2', '2', '123', 'APPROVED', 5, '', '2024-11-30 00:00:00', '2025-01-19 08:41:50', 'http://localhost:8080/profile/upload/2024/12/01/454V6tRKpngz13a7017aa90601f7cfb37fdd4363512a_20241201152807A001.png', 'http://localhost:8080/profile/upload/2024/12/01/7YS6oObzVMEUdfb81225d5ed6712573b449f88d218ee_20241201154956A005.jpg', 'http://localhost:8080/profile/upload/2024/12/01/login_20241201155007A006.png', 'http://localhost:8080/profile/upload/2024/12/01/hRAWQjaHtT1013a7017aa90601f7cfb37fdd4363512a_20241201155010A007.png', 'http://localhost:8080/profile/upload/2024/12/01/454V6tRKpngz13a7017aa90601f7cfb37fdd4363512a_20241201155041A011.png', 'http://localhost:8080/profile/upload/2024/12/01/indexBg1_20241201155048A013.jpg', 'http://localhost:8080/profile/upload/2024/12/01/register_20241201155019A009.png', 'http://localhost:8080/profile/upload/2024/12/01/DqgNYRqRxlp3a3e3c8f61be1f6d840bd6be4d1e95451_20241201155013A008.jpg', 'http://localhost:8080/profile/upload/2024/12/01/show1_20241201155023A010.jpg', 'http://localhost:8080/profile/upload/2024/12/02/12_李小明_实验报告1--MyBatis基本应用_20241202145907A005.docx', 'http://localhost:8080/profile/upload/2024/12/01/class_03871408ef90dc0c4b3023609710_20241201155043A012.png');
INSERT INTO `visa_application` VALUES (2, 3, '123', '3123', '123', '123@qq.com', '123', '123', '1', '12', '3123', '2', '12', '123', '312', '1', '2', '1', '2024-12-11', '2024-12-20', '2024-12-20', '2024-12-19', '2024-12-28', '1', '2', '12', 'APPROVED', 5, '123123', '2024-12-02 10:36:13', '2024-12-02 10:49:24', NULL, NULL, NULL, NULL, NULL, NULL, NULL, NULL, NULL, NULL, NULL);
INSERT INTO `visa_application` VALUES (3, 3, '张三', '123', '12', 'xv1561211761@gmail.com', '3123', '123', '1', '123', '17852583694', '1', '31', '12', '231', '1', '5', '1', '2024-12-11', '2024-12-23', '2024-12-27', '2024-12-17', '2024-12-27', '2', '2', '12312', 'APPROVED', 5, '你通过了', '2024-12-02 14:56:40', '2024-12-02 14:57:45', 'http://localhost:8080/profile/upload/2024/12/02/454V6tRKpngz13a7017aa90601f7cfb37fdd4363512a_20241202145212A001.png', 'http://localhost:8080/profile/upload/2024/12/02/454V6tRKpngz13a7017aa90601f7cfb37fdd4363512a_20241202145328A003.png', NULL, NULL, NULL, NULL, NULL, NULL, 'http://localhost:8080/profile/upload/2024/12/02/GQ9rVU1QvQv013a7017aa90601f7cfb37fdd4363512a_20241202145331A004.png', NULL, NULL);
INSERT INTO `visa_application` VALUES (4, 1, '若依', '123', '1', 'ry@163.com', '23123', '123', '2', '123', '15888888888', '2', '123', '1231', '123', '1', '5', '1', '2024-12-19', '2024-12-19', '2024-12-05', '2024-12-03', '2024-12-05', '2', '2', '123', 'UNDER_REVIEW', 5, '123', '2024-12-02 23:27:09', '2024-12-04 16:50:59', NULL, NULL, NULL, NULL, NULL, NULL, NULL, NULL, NULL, NULL, NULL);

-- ----------------------------
-- Table structure for visa_appointment
-- ----------------------------
DROP TABLE IF EXISTS `visa_appointment`;
CREATE TABLE `visa_appointment`  (
  `id` bigint NOT NULL AUTO_INCREMENT COMMENT 'Primary key ID',
  `activity_id` bigint NULL DEFAULT NULL COMMENT 'ID of the related activity',
  `appointment_name` varchar(255) CHARACTER SET utf8mb4 COLLATE utf8mb4_0900_ai_ci NULL DEFAULT NULL COMMENT 'Name of the appointment',
  `user_id` bigint NULL DEFAULT NULL COMMENT 'User ID',
  `user_name` varchar(255) CHARACTER SET utf8mb4 COLLATE utf8mb4_0900_ai_ci NULL DEFAULT NULL COMMENT 'Name of the user',
  `appointment_time` varchar(255) CHARACTER SET utf8mb4 COLLATE utf8mb4_0900_ai_ci NOT NULL COMMENT 'Time of the appointment',
  `role_id` bigint NULL DEFAULT NULL COMMENT 'Role of the user making the appointment',
  `create_by` varchar(64) CHARACTER SET utf8mb4 COLLATE utf8mb4_0900_ai_ci NULL DEFAULT NULL COMMENT 'Created by user',
  `create_time` datetime NULL DEFAULT NULL COMMENT 'Creation time',
  `update_by` varchar(64) CHARACTER SET utf8mb4 COLLATE utf8mb4_0900_ai_ci NULL DEFAULT NULL COMMENT 'Last updated by user',
  `update_time` datetime NULL DEFAULT NULL COMMENT 'Last update time',
  `remark` varchar(255) CHARACTER SET utf8mb4 COLLATE utf8mb4_0900_ai_ci NULL DEFAULT NULL COMMENT 'Remarks',
  PRIMARY KEY (`id`) USING BTREE,
  INDEX `appointment_name`(`appointment_name` ASC) USING BTREE,
  INDEX `visa_appointment_ibfk_1`(`activity_id` ASC) USING BTREE,
  CONSTRAINT `visa_appointment_ibfk_1` FOREIGN KEY (`activity_id`) REFERENCES `visa_activity` (`id`) ON DELETE CASCADE ON UPDATE CASCADE,
  CONSTRAINT `visa_appointment_ibfk_2` FOREIGN KEY (`appointment_name`) REFERENCES `visa_activity` (`activity_name`) ON DELETE CASCADE ON UPDATE CASCADE
) ENGINE = InnoDB AUTO_INCREMENT = 32 CHARACTER SET = utf8mb4 COLLATE = utf8mb4_0900_ai_ci COMMENT = 'Table storing appointment details' ROW_FORMAT = Dynamic;

-- ----------------------------
-- Records of visa_appointment
-- ----------------------------
INSERT INTO `visa_appointment` VALUES (1, 1, 'Visa Application Submission', 1001, 'John Doe', '7', 2, 'admin', '2025-01-06 12:44:04', NULL, '2025-01-09 03:54:04', 'First appointment');
INSERT INTO `visa_appointment` VALUES (2, 2, 'Visa Interview', 1002, 'Jane Smith', '2', 3, 'admin', '2025-01-06 12:44:04', NULL, '2025-01-19 04:55:14', 'Interview confirmed');
INSERT INTO `visa_appointment` VALUES (30, 9, '888', 1, 'admin', '3', 2, NULL, '2025-01-19 08:18:05', NULL, '2025-01-19 08:18:13', NULL);
INSERT INTO `visa_appointment` VALUES (31, 9, '888', 3, 'user1', '1', 2, NULL, '2025-01-19 09:04:08', NULL, NULL, NULL);

SET FOREIGN_KEY_CHECKS = 1;
